id,name,english,source
0,None,None,mh3g-id-res-game-array+placeholder
1,Peckish Peco,Peckish Peco,mh3g-id-res-game-array+mh3u-legacy-display-list
2,Flamished Peco,Flamished Peco,mh3g-id-res-game-array+mh3u-legacy-display-list
3,Heartbreaker,Heartbreaker,mh3g-id-res-game-array+mh3u-legacy-display-list
4,Broken Heart,Broken Heart,mh3g-id-res-game-array+mh3u-legacy-display-list
5,Strong Heart,Strong Heart,mh3g-id-res-game-array+mh3u-legacy-display-list
6,Wroggi Revolver I,Wroggi Revolver I,mh3g-id-res-game-array+mh3u-legacy-display-list
7,Wroggi Revolver II,Wroggi Revolver II,mh3g-id-res-game-array+mh3u-legacy-display-list
8,Wroggi Revolver III,Wroggi Revolver III,mh3g-id-res-game-array+mh3u-legacy-display-list
9,Dirty Revolver I,Dirty Revolver I,mh3g-id-res-game-array+mh3u-legacy-display-list
10,Dirty Revolver II,Dirty Revolver II,mh3g-id-res-game-array+mh3u-legacy-display-list
11,Spith & Venom,Spith & Venom,mh3g-id-res-game-array+mh3u-legacy-display-list
12,Sponge Gear I,Sponge Gear I,mh3g-id-res-game-array+mh3u-legacy-display-list
13,Sponge Gear II,Sponge Gear II,mh3g-id-res-game-array+mh3u-legacy-display-list
14,Sponge Gear III,Sponge Gear III,mh3g-id-res-game-array+mh3u-legacy-display-list
15,Amethyst Gear I,Amethyst Gear I,mh3g-id-res-game-array+mh3u-legacy-display-list
16,Amethyst Gear II,Amethyst Gear II,mh3g-id-res-game-array+mh3u-legacy-display-list
17,Amir al Bahr,Amir al Bahr,mh3g-id-res-game-array+mh3u-legacy-display-list
18,Batal al Bahr,Batal al Bahr,mh3g-id-res-game-array+mh3u-legacy-display-list
19,Arko Nulo,Arko Nulo,mh3g-id-res-game-array+mh3u-legacy-display-list
20,Arko Unu,Arko Unu,mh3g-id-res-game-array+mh3u-legacy-display-list
21,Arko Nulo (R),Arko Nulo (R),mh3g-id-res-game-array+mh3u-legacy-display-list
22,Arko Unu (R),Arko Unu (R),mh3g-id-res-game-array+mh3u-legacy-display-list
23,Arko Du (R),Arko Du (R),mh3g-id-res-game-array+mh3u-legacy-display-list
24,Arko Tri (R),Arko Tri (R),mh3g-id-res-game-array+mh3u-legacy-display-list
25,Arko Nulo (W),Arko Nulo (W),mh3g-id-res-game-array+mh3u-legacy-display-list
26,Arko Unu (W),Arko Unu (W),mh3g-id-res-game-array+mh3u-legacy-display-list
27,Arko Du (W),Arko Du (W),mh3g-id-res-game-array+mh3u-legacy-display-list
28,Arko Tri (W),Arko Tri (W),mh3g-id-res-game-array+mh3u-legacy-display-list
29,Arko Nulo (Y),Arko Nulo (Y),mh3g-id-res-game-array+mh3u-legacy-display-list
30,Arko Unu (Y),Arko Unu (Y),mh3g-id-res-game-array+mh3u-legacy-display-list
31,Arko Du (Y),Arko Du (Y),mh3g-id-res-game-array+mh3u-legacy-display-list
32,Arko Tri (Y),Arko Tri (Y),mh3g-id-res-game-array+mh3u-legacy-display-list
33,Hunter's Bow I,Hunter's Bow I,mh3g-id-res-game-array+mh3u-legacy-display-list
34,Hunter's Bow II,Hunter's Bow II,mh3g-id-res-game-array+mh3u-legacy-display-list
35,Hunter's Bow III,Hunter's Bow III,mh3g-id-res-game-array+mh3u-legacy-display-list
36,Hunter's Shoutbow I,Hunter's Shoutbow I,mh3g-id-res-game-array+mh3u-legacy-display-list
37,Hunter's Shoutbow II,Hunter's Shoutbow II,mh3g-id-res-game-array+mh3u-legacy-display-list
38,Hunter's Proudbow,Hunter's Proudbow,mh3g-id-res-game-array+mh3u-legacy-display-list
39,Dios Flier,Dios Flier,mh3g-id-res-game-array+mh3u-legacy-display-list
40,Dios Flier +,Dios Flier +,mh3g-id-res-game-array+mh3u-legacy-display-list
41,Demolition Bow,Demolition Bow,mh3g-id-res-game-array+mh3u-legacy-display-list
42,Warflare Demolisher,Warflare Demolisher,mh3g-id-res-game-array+mh3u-legacy-display-list
43,Type 64 Multibow I,Type 64 Multibow I,mh3g-id-res-game-array+mh3u-legacy-display-list
44,Type 64 Multibow II,Type 64 Multibow II,mh3g-id-res-game-array+mh3u-legacy-display-list
45,Scorpion Zinger,Scorpion Zinger,mh3g-id-res-game-array+mh3u-legacy-display-list
46,Seahorse Harp,Seahorse Harp,mh3g-id-res-game-array+mh3u-legacy-display-list
47,Reignhorse Harp,Reignhorse Harp,mh3g-id-res-game-array+mh3u-legacy-display-list
48,Aquasteed Harp,Aquasteed Harp,mh3g-id-res-game-array+mh3u-legacy-display-list
49,Queen Blaster I,Queen Blaster I,mh3g-id-res-game-array+mh3u-legacy-display-list
50,Queen Blaster II,Queen Blaster II,mh3g-id-res-game-array+mh3u-legacy-display-list
51,Queen Blaster III,Queen Blaster III,mh3g-id-res-game-array+mh3u-legacy-display-list
52,Heartshot Bow I,Heartshot Bow I,mh3g-id-res-game-array+mh3u-legacy-display-list
53,Heartshot Bow II,Heartshot Bow II,mh3g-id-res-game-array+mh3u-legacy-display-list
54,Heartshot Bow III,Heartshot Bow III,mh3g-id-res-game-array+mh3u-legacy-display-list
55,Selene Moonbroken,Selene Moonbroken,mh3g-id-res-game-array+mh3u-legacy-display-list
56,Usurper's Rumble,Usurper's Rumble,mh3g-id-res-game-array+mh3u-legacy-display-list
57,Despot's Earlybolt,Despot's Earlybolt,mh3g-id-res-game-array+mh3u-legacy-display-list
58,Oppressor's Answer,Oppressor's Answer,mh3g-id-res-game-array+mh3u-legacy-display-list
59,Brimstren Drakesight,Brimstren Drakesight,mh3g-id-res-game-array+mh3u-legacy-display-list
60,Stygian Patientia,Stygian Patientia,mh3g-id-res-game-array+mh3u-legacy-display-list
61,Ice Crest,Ice Crest,mh3g-id-res-game-array+mh3u-legacy-display-list
62,Edelweiss,Edelweiss,mh3g-id-res-game-array+mh3u-legacy-display-list
63,Amber Arc Valanga,Amber Arc Valanga,mh3g-id-res-game-array+mh3u-legacy-display-list
64,Lithe Saberbow,Lithe Saberbow,mh3g-id-res-game-array+mh3u-legacy-display-list
65,Fallenfriede,Fallenfriede,mh3g-id-res-game-array+mh3u-legacy-display-list
66,Rafalga Sandraider,Rafalga Sandraider,mh3g-id-res-game-array+mh3u-legacy-display-list
67,Brazencord,Brazencord,mh3g-id-res-game-array+mh3u-legacy-display-list
68,Gigacles,Gigacles,mh3g-id-res-game-array+mh3u-legacy-display-list
69,Gigantomachy,Gigantomachy,mh3g-id-res-game-array+mh3u-legacy-display-list
70,Chrome Corda I,Chrome Corda I,mh3g-id-res-game-array+mh3u-legacy-display-list
71,Corda Corda II,Corda Corda II,mh3g-id-res-game-array+mh3u-legacy-display-list
72,Steel Daedalops,Steel Daedalops,mh3g-id-res-game-array+mh3u-legacy-display-list
73,Hidden Bow I,Hidden Bow I,mh3g-id-res-game-array+mh3u-legacy-display-list
74,Hidden Bow II,Hidden Bow II,mh3g-id-res-game-array+mh3u-legacy-display-list
75,Night Flight,Night Flight,mh3g-id-res-game-array+mh3u-legacy-display-list
76,Eclipse Bow,Eclipse Bow,mh3g-id-res-game-array+mh3u-legacy-display-list
77,Virnar Bow,Virnar Bow,mh3g-id-res-game-array+mh3u-legacy-display-list
78,Midnight Farflight,Midnight Farflight,mh3g-id-res-game-array+mh3u-legacy-display-list
79,Boltsender I,Boltsender I,mh3g-id-res-game-array+mh3u-legacy-display-list
80,Boltsender II,Boltsender II,mh3g-id-res-game-array+mh3u-legacy-display-list
81,High Voltsender,High Voltsender,mh3g-id-res-game-array+mh3u-legacy-display-list
82,Neo Voltsender,Neo Voltsender,mh3g-id-res-game-array+mh3u-legacy-display-list
83,Acrus Whitebolt,Acrus Whitebolt,mh3g-id-res-game-array+mh3u-legacy-display-list
84,Nether Battlebow,Nether Battlebow,mh3g-id-res-game-array+mh3u-legacy-display-list
85,Nether Emprestador,Nether Emprestador,mh3g-id-res-game-array+mh3u-legacy-display-list
86,Diablos Hornbow I,Diablos Hornbow I,mh3g-id-res-game-array+mh3u-legacy-display-list
87,Diablos Hornbow II,Diablos Hornbow II,mh3g-id-res-game-array+mh3u-legacy-display-list
88,Galebender,Galebender,mh3g-id-res-game-array+mh3u-legacy-display-list
89,Cera Coilbender,Cera Coilbender,mh3g-id-res-game-array+mh3u-legacy-display-list
90,Cera Cyclord,Cera Cyclord,mh3g-id-res-game-array+mh3u-legacy-display-list
91,Ala Victoria I,Ala Victoria I,mh3g-id-res-game-array+mh3u-legacy-display-list
92,Ala Victoria II,Ala Victoria II,mh3g-id-res-game-array+mh3u-legacy-display-list
93,Prayerful Victoria,Prayerful Victoria,mh3g-id-res-game-array+mh3u-legacy-display-list
94,Ark Diosa,Ark Diosa,mh3g-id-res-game-array+mh3u-legacy-display-list
95,Arken Victrine,Arken Victrine,mh3g-id-res-game-array+mh3u-legacy-display-list
96,Worldseer's Bow,Worldseer's Bow,mh3g-id-res-game-array+mh3u-legacy-display-list
97,Worldseer's Proof,Worldseer's Proof,mh3g-id-res-game-array+mh3u-legacy-display-list
98,Worldseer's Bounty,Worldseer's Bounty,mh3g-id-res-game-array+mh3u-legacy-display-list
99,Alatreon Bow,Alatreon Bow,mh3g-id-res-game-array+mh3u-legacy-display-list
100,Alatreon Commandment,Alatreon Commandment,mh3g-id-res-game-array+mh3u-legacy-display-list
101,Altheos Incanonis,Altheos Incanonis,mh3g-id-res-game-array+mh3u-legacy-display-list
102,Arca Raptora,Arca Raptora,mh3g-id-res-game-array+mh3u-legacy-display-list
103,Arca Chaotica,Arca Chaotica,mh3g-id-res-game-array+mh3u-legacy-display-list
104,Arca Insantia,Arca Insantia,mh3g-id-res-game-array+mh3u-legacy-display-list
105,Megiddo Phoenix,Megiddo Phoenix,mh3g-id-res-game-array+mh3u-legacy-display-list
106,The Rysurrection,The Rysurrection,mh3g-id-res-game-array+mh3u-legacy-display-list
107,Morsel Bowfish,Morsel Bowfish,mh3g-id-res-game-array+mh3u-legacy-display-list
108,Ample Bowfish,Ample Bowfish,mh3g-id-res-game-array+mh3u-legacy-display-list
109,Viand Bowfish,Viand Bowfish,mh3g-id-res-game-array+mh3u-legacy-display-list
110,Kelbi Stingshot,Kelbi Stingshot,mh3g-id-res-game-array+mh3u-legacy-display-list
111,Kelbi Strongshot,Kelbi Strongshot,mh3g-id-res-game-array+mh3u-legacy-display-list
112,Great Kelbi Deershot,Great Kelbi Deershot,mh3g-id-res-game-array+mh3u-legacy-display-list
113,Bamboo Taketori,Bamboo Taketori,mh3g-id-res-game-array+mh3u-legacy-display-list
114,Bamboo Okina,Bamboo Okina,mh3g-id-res-game-array+mh3u-legacy-display-list
115,Bamboo Kaguya,Bamboo Kaguya,mh3g-id-res-game-array+mh3u-legacy-display-list
116,DUMMY 116,DUMMY 116,mh3g-id-res-game-array+placeholder
