set_id,part,dex_id,gender,slot_order,save_type,save_id,mapping_source,notes
as-0001-both,head,1,both,0,5,1,exact-cn,
as-0001-both,chest,2,both,1,1,1,exact-cn,
as-0001-both,arms,3,both,2,2,1,exact-cn,
as-0001-both,waist,4,both,3,3,1,exact-cn,
as-0001-both,legs,5,both,4,4,1,exact-cn,
as-0006-both,head,6,both,0,5,66,exact-cn,
as-0006-both,chest,7,both,1,1,67,exact-cn,
as-0006-both,arms,8,both,2,2,66,exact-cn,
as-0006-both,waist,9,both,3,3,68,exact-cn,
as-0006-both,legs,10,both,4,4,67,exact-cn,
as-0011-both,head,11,both,0,5,2,exact-cn,
as-0011-both,waist,12,both,1,3,2,exact-cn,
as-0011-both,legs,13,both,2,4,2,exact-cn,
as-0014-both,head,14,both,0,5,3,exact-cn,
as-0014-both,chest,15,both,1,1,2,exact-cn,
as-0014-both,arms,16,both,2,2,2,exact-cn,
as-0014-both,waist,17,both,3,3,3,exact-cn,
as-0014-both,legs,18,both,4,4,3,exact-cn,
as-0019-both,chest,19,both,0,1,3,exact-cn,
as-0019-both,waist,20,both,1,3,4,exact-cn,
as-0019-both,legs,21,both,2,4,4,exact-cn,
as-0022-blade,head,22,both,0,5,4,exact-cn,
as-0022-blade,chest,23,both,1,1,4,exact-cn,
as-0022-blade,arms,24,both,2,2,3,exact-cn,
as-0022-blade,waist,25,both,3,3,5,exact-cn,
as-0022-blade,legs,26,both,4,4,5,exact-cn,
as-0027-gunner,head,27,both,0,5,5,exact-cn,
as-0027-gunner,chest,28,both,1,1,5,exact-cn,
as-0027-gunner,arms,29,both,2,2,4,exact-cn,
as-0027-gunner,waist,30,both,3,3,6,exact-cn,
as-0027-gunner,legs,31,both,4,4,6,exact-cn,
as-0032-blade,head,32,both,0,5,8,exact-cn,
as-0032-blade,chest,33,both,1,1,8,exact-cn,
as-0032-blade,arms,34,both,2,2,7,exact-cn,
as-0032-blade,waist,35,both,3,3,9,exact-cn,
as-0032-blade,legs,36,both,4,4,9,exact-cn,
as-0037-gunner,head,37,both,0,5,9,exact-cn,
as-0037-gunner,chest,38,both,1,1,9,exact-cn,
as-0037-gunner,arms,39,both,2,2,8,exact-cn,
as-0037-gunner,waist,40,both,3,3,10,exact-cn,
as-0037-gunner,legs,41,both,4,4,10,exact-cn,
as-0042-blade,head,42,both,0,5,6,exact-cn,
as-0042-blade,chest,43,both,1,1,6,exact-cn,
as-0042-blade,arms,44,both,2,2,5,exact-cn,
as-0042-blade,waist,45,both,3,3,7,exact-cn,
as-0042-blade,legs,46,both,4,4,7,exact-cn,
as-0047-gunner,head,47,both,0,5,7,exact-cn,
as-0047-gunner,chest,48,both,1,1,7,exact-cn,
as-0047-gunner,arms,49,both,2,2,6,exact-cn,
as-0047-gunner,waist,50,both,3,3,8,exact-cn,
as-0047-gunner,legs,51,both,4,4,8,exact-cn,
as-0052-blade,head,52,both,0,5,12,exact-cn,
as-0052-blade,chest,53,both,1,1,12,exact-cn,
as-0052-blade,arms,54,both,2,2,11,exact-cn,
as-0052-blade,waist,55,both,3,3,13,exact-cn,
as-0052-blade,legs,56,both,4,4,13,exact-cn,
as-0057-gunner,head,57,both,0,5,13,exact-cn,
as-0057-gunner,chest,58,both,1,1,13,exact-cn,
as-0057-gunner,arms,59,both,2,2,12,exact-cn,
as-0057-gunner,waist,60,both,3,3,14,exact-cn,
as-0057-gunner,legs,61,both,4,4,14,exact-cn,
as-0062-blade,head,62,both,0,5,14,exact-cn,
as-0062-blade,chest,63,both,1,1,14,exact-cn,
as-0062-blade,arms,64,both,2,2,13,exact-cn,
as-0062-blade,waist,65,both,3,3,15,exact-cn,
as-0062-blade,legs,66,both,4,4,15,exact-cn,
as-0067-gunner,head,67,both,0,5,15,exact-cn,
as-0067-gunner,chest,68,both,1,1,15,exact-cn,
as-0067-gunner,arms,69,both,2,2,14,exact-cn,
as-0067-gunner,waist,70,both,3,3,16,exact-cn,
as-0067-gunner,legs,71,both,4,4,16,exact-cn,
as-0072-blade,head,72,both,0,5,10,exact-cn,
as-0072-blade,chest,73,both,1,1,10,exact-cn,
as-0072-blade,arms,74,both,2,2,9,exact-cn,
as-0072-blade,waist,75,both,3,3,11,exact-cn,
as-0072-blade,legs,76,both,4,4,11,exact-cn,
as-0077-gunner,head,77,both,0,5,11,exact-cn,
as-0077-gunner,chest,78,both,1,1,11,exact-cn,
as-0077-gunner,arms,79,both,2,2,10,exact-cn,
as-0077-gunner,waist,80,both,3,3,12,exact-cn,
as-0077-gunner,legs,81,both,4,4,12,exact-cn,
as-0082-blade,head,82,both,0,5,56,exact-cn,
as-0082-blade,chest,83,both,1,1,57,exact-cn,
as-0082-blade,arms,84,both,2,2,56,exact-cn,
as-0082-blade,waist,85,both,3,3,58,exact-cn,
as-0082-blade,legs,86,both,4,4,57,exact-cn,
as-0087-gunner,head,87,both,0,5,57,exact-cn,
as-0087-gunner,chest,88,both,1,1,58,exact-cn,
as-0087-gunner,arms,89,both,2,2,57,exact-cn,
as-0087-gunner,waist,90,both,3,3,59,exact-cn,
as-0087-gunner,legs,91,both,4,4,58,exact-cn,
as-0092-blade,head,92,both,0,5,54,exact-cn,
as-0092-blade,chest,93,both,1,1,55,exact-cn,
as-0092-blade,arms,94,both,2,2,54,exact-cn,
as-0092-blade,waist,95,both,3,3,56,exact-cn,
as-0092-blade,legs,96,both,4,4,55,exact-cn,
as-0097-gunner,head,97,both,0,5,55,exact-cn,
as-0097-gunner,chest,98,both,1,1,56,exact-cn,
as-0097-gunner,arms,99,both,2,2,55,exact-cn,
as-0097-gunner,waist,100,both,3,3,57,exact-cn,
as-0097-gunner,legs,101,both,4,4,56,exact-cn,
as-0102-blade,head,102,both,0,5,16,exact-cn,
as-0102-blade,chest,103,both,1,1,16,exact-cn,
as-0102-blade,arms,104,both,2,2,15,exact-cn,
as-0102-blade,waist,105,both,3,3,17,exact-cn,
as-0102-blade,legs,106,both,4,4,17,exact-cn,
as-0107-gunner,head,107,both,0,5,17,exact-cn,
as-0107-gunner,chest,108,both,1,1,17,exact-cn,
as-0107-gunner,arms,109,both,2,2,16,exact-cn,
as-0107-gunner,waist,110,both,3,3,18,exact-cn,
as-0107-gunner,legs,111,both,4,4,18,exact-cn,
as-0112-blade,head,112,both,0,5,18,exact-cn,
as-0112-blade,chest,113,both,1,1,18,exact-cn,
as-0112-blade,arms,114,both,2,2,17,exact-cn,
as-0112-blade,waist,115,both,3,3,19,exact-cn,
as-0112-blade,legs,116,both,4,4,19,exact-cn,
as-0117-gunner,head,117,both,0,5,19,exact-cn,
as-0117-gunner,chest,118,both,1,1,19,exact-cn,
as-0117-gunner,arms,119,both,2,2,18,exact-cn,
as-0117-gunner,waist,120,both,3,3,20,exact-cn,
as-0117-gunner,legs,121,both,4,4,20,exact-cn,
as-0122-blade,head,122,both,0,5,20,exact-cn,
as-0122-blade,chest,123,both,1,1,21,exact-cn,
as-0122-blade,arms,124,both,2,2,20,exact-cn,
as-0122-blade,waist,125,both,3,3,22,exact-cn,
as-0122-blade,legs,126,both,4,4,21,exact-cn,
as-0127-gunner,head,127,both,0,5,21,exact-cn,
as-0127-gunner,chest,128,both,1,1,22,exact-cn,
as-0127-gunner,arms,129,both,2,2,21,exact-cn,
as-0127-gunner,waist,130,both,3,3,23,exact-cn,
as-0127-gunner,legs,131,both,4,4,22,exact-cn,
as-0132-blade,head,132,both,0,5,58,exact-cn,
as-0132-blade,chest,133,both,1,1,59,exact-cn,
as-0132-blade,arms,134,both,2,2,58,exact-cn,
as-0132-blade,waist,135,both,3,3,60,exact-cn,
as-0132-blade,legs,136,both,4,4,59,exact-cn,
as-0137-gunner,head,137,both,0,5,59,exact-cn,
as-0137-gunner,chest,138,both,1,1,60,exact-cn,
as-0137-gunner,arms,139,both,2,2,59,exact-cn,
as-0137-gunner,waist,140,both,3,3,61,exact-cn,
as-0137-gunner,legs,141,both,4,4,60,exact-cn,
as-0142-blade,head,142,both,0,5,22,exact-cn,
as-0142-blade,chest,143,both,1,1,23,exact-cn,
as-0142-blade,arms,144,both,2,2,22,exact-cn,
as-0142-blade,waist,145,both,3,3,24,exact-cn,
as-0142-blade,legs,146,both,4,4,23,exact-cn,
as-0147-gunner,head,147,both,0,5,23,exact-cn,
as-0147-gunner,chest,148,both,1,1,24,exact-cn,
as-0147-gunner,arms,149,both,2,2,23,exact-cn,
as-0147-gunner,waist,150,both,3,3,25,exact-cn,
as-0147-gunner,legs,151,both,4,4,24,exact-cn,
as-0152-blade,head,152,both,0,5,60,exact-cn,
as-0152-blade,chest,153,both,1,1,61,exact-cn,
as-0152-blade,arms,154,both,2,2,60,exact-cn,
as-0152-blade,waist,155,both,3,3,62,exact-cn,
as-0152-blade,legs,156,both,4,4,61,exact-cn,
as-0157-gunner,head,157,both,0,5,61,exact-cn,
as-0157-gunner,chest,158,both,1,1,62,exact-cn,
as-0157-gunner,arms,159,both,2,2,,unmapped,
as-0157-gunner,waist,160,both,3,3,63,exact-cn,
as-0157-gunner,legs,161,both,4,4,62,exact-cn,
as-0162-blade,head,162,both,0,5,24,exact-cn,
as-0162-blade,chest,163,both,1,1,25,exact-cn,
as-0162-blade,arms,164,both,2,2,24,exact-cn,
as-0162-blade,waist,165,both,3,3,26,exact-cn,
as-0162-blade,legs,166,both,4,4,25,exact-cn,
as-0167-gunner,head,167,both,0,5,25,exact-cn,
as-0167-gunner,chest,168,both,1,1,26,exact-cn,
as-0167-gunner,arms,169,both,2,2,25,exact-cn,
as-0167-gunner,waist,170,both,3,3,27,exact-cn,
as-0167-gunner,legs,171,both,4,4,,unmapped,
as-0172-blade,head,172,both,0,5,32,exact-cn,
as-0172-blade,chest,173,both,1,1,33,exact-cn,
as-0172-blade,arms,174,both,2,2,32,exact-cn,
as-0172-blade,waist,175,both,3,3,34,exact-cn,
as-0172-blade,legs,176,both,4,4,33,exact-cn,
as-0177-gunner,head,177,both,0,5,33,exact-cn,
as-0177-gunner,chest,178,both,1,1,34,exact-cn,
as-0177-gunner,arms,179,both,2,2,33,exact-cn,
as-0177-gunner,waist,180,both,3,3,35,exact-cn,
as-0177-gunner,legs,181,both,4,4,34,exact-cn,
as-0182-blade,head,182,both,0,5,34,exact-cn,
as-0182-blade,chest,183,both,1,1,35,exact-cn,
as-0182-blade,arms,184,both,2,2,34,exact-cn,
as-0182-blade,waist,185,both,3,3,36,exact-cn,
as-0182-blade,legs,186,both,4,4,35,exact-cn,
as-0187-gunner,head,187,both,0,5,35,exact-cn,
as-0187-gunner,chest,188,both,1,1,36,exact-cn,
as-0187-gunner,arms,189,both,2,2,35,exact-cn,
as-0187-gunner,waist,190,both,3,3,37,exact-cn,
as-0187-gunner,legs,191,both,4,4,36,exact-cn,
as-0192-blade,head,192,both,0,5,36,exact-cn,
as-0192-blade,chest,193,both,1,1,37,exact-cn,
as-0192-blade,arms,194,both,2,2,36,exact-cn,
as-0192-blade,waist,195,both,3,3,38,exact-cn,
as-0192-blade,legs,196,both,4,4,37,exact-cn,
as-0197-gunner,head,197,both,0,5,37,exact-cn,
as-0197-gunner,chest,198,both,1,1,38,exact-cn,
as-0197-gunner,arms,199,both,2,2,37,exact-cn,
as-0197-gunner,waist,200,both,3,3,39,exact-cn,
as-0197-gunner,legs,201,both,4,4,38,exact-cn,
as-0202-blade,head,202,both,0,5,42,exact-cn,
as-0202-blade,chest,203,both,1,1,43,exact-cn,
as-0202-blade,arms,204,both,2,2,42,exact-cn,
as-0202-blade,waist,205,both,3,3,44,exact-cn,
as-0202-blade,legs,206,both,4,4,43,exact-cn,
as-0207-gunner,head,207,both,0,5,43,exact-cn,
as-0207-gunner,chest,208,both,1,1,44,exact-cn,
as-0207-gunner,arms,209,both,2,2,43,exact-cn,
as-0207-gunner,waist,210,both,3,3,45,exact-cn,
as-0207-gunner,legs,211,both,4,4,44,exact-cn,
as-0212-both,head,212,both,0,5,348,exact-cn,
as-0213-blade,head,213,both,0,5,62,exact-cn,
as-0213-blade,chest,214,both,1,1,63,exact-cn,
as-0213-blade,arms,215,both,2,2,62,exact-cn,
as-0213-blade,waist,216,both,3,3,64,exact-cn,
as-0213-blade,legs,217,both,4,4,63,exact-cn,
as-0218-gunner,head,218,both,0,5,63,exact-cn,
as-0218-gunner,chest,219,both,1,1,64,exact-cn,
as-0218-gunner,arms,220,both,2,2,63,exact-cn,
as-0218-gunner,waist,221,both,3,3,65,exact-cn,
as-0218-gunner,legs,222,both,4,4,64,exact-cn,
as-0223-blade,head,223,male,0,5,28,exact-cn,
as-0223-blade,head,233,female,1,5,30,exact-cn,
as-0223-blade,chest,224,male,2,1,29,exact-cn,
as-0223-blade,chest,234,female,3,1,31,exact-cn,
as-0223-blade,arms,225,male,4,2,28,exact-cn,
as-0223-blade,arms,235,female,5,2,30,exact-cn,
as-0223-blade,waist,226,male,6,3,30,exact-cn,
as-0223-blade,waist,236,female,7,3,32,exact-cn,
as-0223-blade,legs,227,male,8,4,29,exact-cn,
as-0223-blade,legs,237,female,9,4,31,exact-cn,
as-0228-gunner,head,228,male,0,5,29,exact-cn,
as-0228-gunner,head,238,female,1,5,31,exact-cn,
as-0228-gunner,chest,229,male,2,1,30,exact-cn,
as-0228-gunner,chest,239,female,3,1,32,exact-cn,
as-0228-gunner,arms,230,male,4,2,,unmapped,
as-0228-gunner,arms,240,female,5,2,31,exact-cn,
as-0228-gunner,waist,231,male,6,3,31,exact-cn,
as-0228-gunner,waist,241,female,7,3,33,exact-cn,
as-0228-gunner,legs,232,male,8,4,30,exact-cn,
as-0228-gunner,legs,242,female,9,4,32,exact-cn,
as-0243-blade,head,243,both,0,5,38,exact-cn,
as-0243-blade,chest,244,both,1,1,39,exact-cn,
as-0243-blade,arms,245,both,2,2,38,exact-cn,
as-0243-blade,waist,246,both,3,3,40,exact-cn,
as-0243-blade,legs,247,both,4,4,39,exact-cn,
as-0248-gunner,head,248,both,0,5,39,exact-cn,
as-0248-gunner,chest,249,both,1,1,40,exact-cn,
as-0248-gunner,arms,250,both,2,2,39,exact-cn,
as-0248-gunner,waist,251,both,3,3,41,exact-cn,
as-0248-gunner,legs,252,both,4,4,40,exact-cn,
as-0253-blade,head,253,both,0,5,40,exact-cn,
as-0253-blade,chest,254,both,1,1,41,exact-cn,
as-0253-blade,arms,255,both,2,2,40,exact-cn,
as-0253-blade,waist,256,both,3,3,42,exact-cn,
as-0253-blade,legs,257,both,4,4,41,exact-cn,
as-0258-gunner,head,258,both,0,5,41,exact-cn,
as-0258-gunner,chest,259,both,1,1,42,exact-cn,
as-0258-gunner,arms,260,both,2,2,41,exact-cn,
as-0258-gunner,waist,261,both,3,3,43,exact-cn,
as-0258-gunner,legs,262,both,4,4,42,exact-cn,
as-0263-blade,head,263,both,0,5,64,exact-cn,
as-0263-blade,chest,264,both,1,1,65,exact-cn,
as-0263-blade,arms,265,both,2,2,64,exact-cn,
as-0263-blade,waist,266,both,3,3,66,exact-cn,
as-0263-blade,legs,267,both,4,4,65,exact-cn,
as-0268-gunner,head,268,both,0,5,65,exact-cn,
as-0268-gunner,chest,269,both,1,1,66,exact-cn,
as-0268-gunner,arms,270,both,2,2,65,exact-cn,
as-0268-gunner,waist,271,both,3,3,67,exact-cn,
as-0268-gunner,legs,272,both,4,4,66,exact-cn,
as-0273-blade,head,273,both,0,5,44,exact-cn,
as-0273-blade,chest,274,both,1,1,45,exact-cn,
as-0273-blade,arms,275,both,2,2,44,exact-cn,
as-0273-blade,waist,276,both,3,3,46,exact-cn,
as-0273-blade,legs,277,both,4,4,45,exact-cn,
as-0278-gunner,head,278,both,0,5,45,exact-cn,
as-0278-gunner,chest,279,both,1,1,46,exact-cn,
as-0278-gunner,arms,280,both,2,2,45,exact-cn,
as-0278-gunner,waist,281,both,3,3,47,exact-cn,
as-0278-gunner,legs,282,both,4,4,46,exact-cn,
as-0283-blade,head,283,both,0,5,46,exact-cn,
as-0283-blade,chest,284,both,1,1,47,exact-cn,
as-0283-blade,arms,285,both,2,2,46,exact-cn,
as-0283-blade,waist,286,both,3,3,48,exact-cn,
as-0283-blade,legs,287,both,4,4,47,exact-cn,
as-0288-gunner,head,288,both,0,5,47,exact-cn,
as-0288-gunner,chest,289,both,1,1,48,exact-cn,
as-0288-gunner,arms,290,both,2,2,47,exact-cn,
as-0288-gunner,waist,291,both,3,3,49,exact-cn,
as-0288-gunner,legs,292,both,4,4,48,exact-cn,
as-0293-blade,head,293,both,0,5,48,exact-cn,
as-0293-blade,chest,294,both,1,1,49,exact-cn,
as-0293-blade,arms,295,both,2,2,48,exact-cn,
as-0293-blade,waist,296,both,3,3,50,exact-cn,
as-0293-blade,legs,297,both,4,4,49,exact-cn,
as-0298-gunner,head,298,both,0,5,49,exact-cn,
as-0298-gunner,chest,299,both,1,1,50,exact-cn,
as-0298-gunner,arms,300,both,2,2,49,exact-cn,
as-0298-gunner,waist,301,both,3,3,51,exact-cn,
as-0298-gunner,legs,302,both,4,4,50,exact-cn,
as-0303-blade,head,303,male,0,5,50,exact-cn,
as-0303-blade,head,313,female,1,5,52,exact-cn,
as-0303-blade,chest,304,male,2,1,51,exact-cn,
as-0303-blade,chest,314,female,3,1,53,exact-cn,
as-0303-blade,arms,305,male,4,2,50,exact-cn,
as-0303-blade,arms,315,female,5,2,52,exact-cn,
as-0303-blade,waist,306,male,6,3,52,exact-cn,
as-0303-blade,waist,316,female,7,3,54,exact-cn,
as-0303-blade,legs,307,male,8,4,51,exact-cn,
as-0303-blade,legs,317,female,9,4,53,exact-cn,
as-0308-gunner,head,308,male,0,5,51,exact-cn,
as-0308-gunner,head,318,female,1,5,53,exact-cn,
as-0308-gunner,chest,309,male,2,1,52,exact-cn,
as-0308-gunner,chest,319,female,3,1,54,exact-cn,
as-0308-gunner,arms,310,male,4,2,51,exact-cn,
as-0308-gunner,arms,320,female,5,2,53,exact-cn,
as-0308-gunner,waist,311,male,6,3,53,exact-cn,
as-0308-gunner,waist,321,female,7,3,55,exact-cn,
as-0308-gunner,legs,312,male,8,4,52,exact-cn,
as-0308-gunner,legs,322,female,9,4,54,exact-cn,
as-0323-blade,head,323,both,0,5,73,exact-cn,
as-0323-blade,chest,324,both,1,1,76,exact-cn,
as-0323-blade,arms,325,both,2,2,75,exact-cn,
as-0323-blade,waist,326,both,3,3,75,exact-cn,
as-0323-blade,legs,327,both,4,4,76,exact-cn,
as-0328-gunner,head,328,both,0,5,74,exact-cn,
as-0328-gunner,chest,329,both,1,1,77,exact-cn,
as-0328-gunner,arms,330,both,2,2,76,exact-cn,
as-0328-gunner,waist,331,both,3,3,76,exact-cn,
as-0328-gunner,legs,332,both,4,4,77,exact-cn,
as-0333-blade,head,333,both,0,5,133,exact-cn,
as-0333-blade,chest,334,both,1,1,137,exact-cn,
as-0333-blade,arms,335,both,2,2,132,exact-cn,
as-0333-blade,waist,336,both,3,3,136,exact-cn,
as-0333-blade,legs,337,both,4,4,136,exact-cn,
as-0338-gunner,head,338,both,0,5,134,exact-cn,
as-0338-gunner,chest,339,both,1,1,138,exact-cn,
as-0338-gunner,arms,340,both,2,2,133,exact-cn,
as-0338-gunner,waist,341,both,3,3,137,exact-cn,
as-0338-gunner,legs,342,both,4,4,137,exact-cn,
as-0343-blade,head,343,both,0,5,77,exact-cn,
as-0343-blade,chest,344,both,1,1,78,exact-cn,
as-0343-blade,arms,345,both,2,2,77,exact-cn,
as-0343-blade,waist,346,both,3,3,79,exact-cn,
as-0343-blade,legs,347,both,4,4,80,exact-cn,
as-0348-gunner,head,348,both,0,5,78,exact-cn,
as-0348-gunner,chest,349,both,1,1,79,exact-cn,
as-0348-gunner,arms,350,both,2,2,78,exact-cn,
as-0348-gunner,waist,351,both,3,3,80,exact-cn,
as-0348-gunner,legs,352,both,4,4,81,exact-cn,
as-0353-blade,chest,353,both,0,1,80,exact-cn,
as-0353-blade,waist,354,both,1,3,81,exact-cn,
as-0353-blade,legs,355,both,2,4,82,exact-cn,
as-0356-gunner,chest,356,both,0,1,,unmapped,
as-0356-gunner,waist,357,both,1,3,,unmapped,
as-0356-gunner,legs,358,both,2,4,83,exact-cn,
as-0359-blade,head,359,both,0,5,79,exact-cn,
as-0359-blade,chest,360,both,1,1,82,exact-cn,
as-0359-blade,arms,361,both,2,2,79,exact-cn,
as-0359-blade,waist,362,both,3,3,83,exact-cn,
as-0359-blade,legs,363,both,4,4,84,exact-cn,
as-0364-gunner,head,364,both,0,5,80,exact-cn,
as-0364-gunner,chest,365,both,1,1,83,exact-cn,
as-0364-gunner,arms,366,both,2,2,80,exact-cn,
as-0364-gunner,waist,367,both,3,3,84,exact-cn,
as-0364-gunner,legs,368,both,4,4,85,exact-cn,
as-0369-blade,head,369,both,0,5,75,exact-cn,
as-0369-blade,waist,370,both,1,3,77,exact-cn,
as-0369-blade,legs,371,both,2,4,78,exact-cn,
as-0372-gunner,head,372,both,0,5,,unmapped,
as-0372-gunner,waist,373,both,1,3,78,exact-cn,
as-0372-gunner,legs,374,both,2,4,79,exact-cn,
as-0375-blade,head,375,both,0,5,81,exact-cn,
as-0375-blade,chest,376,both,1,1,84,exact-cn,
as-0375-blade,arms,377,both,2,2,81,exact-cn,
as-0375-blade,waist,378,both,3,3,85,exact-cn,
as-0375-blade,legs,379,both,4,4,86,exact-cn,
as-0380-gunner,head,380,both,0,5,82,exact-cn,
as-0380-gunner,chest,381,both,1,1,85,exact-cn,
as-0380-gunner,arms,382,both,2,2,82,exact-cn,
as-0380-gunner,waist,383,both,3,3,86,exact-cn,
as-0380-gunner,legs,384,both,4,4,87,exact-cn,
as-0385-blade,head,385,both,0,5,83,exact-cn,
as-0385-blade,chest,386,both,1,1,86,exact-cn,
as-0385-blade,arms,387,both,2,2,83,exact-cn,
as-0385-blade,waist,388,both,3,3,87,exact-cn,
as-0385-blade,legs,389,both,4,4,88,exact-cn,
as-0390-gunner,head,390,both,0,5,84,exact-cn,
as-0390-gunner,chest,391,both,1,1,87,exact-cn,
as-0390-gunner,arms,392,both,2,2,84,exact-cn,
as-0390-gunner,waist,393,both,3,3,88,exact-cn,
as-0390-gunner,legs,394,both,4,4,89,exact-cn,
as-0395-blade,head,395,both,0,5,87,exact-cn,
as-0395-blade,chest,396,both,1,1,90,exact-cn,
as-0395-blade,arms,397,both,2,2,87,exact-cn,
as-0395-blade,waist,398,both,3,3,91,exact-cn,
as-0395-blade,legs,399,both,4,4,92,exact-cn,
as-0400-gunner,head,400,both,0,5,88,exact-cn,
as-0400-gunner,chest,401,both,1,1,91,exact-cn,
as-0400-gunner,arms,402,both,2,2,,unmapped,
as-0400-gunner,waist,403,both,3,3,92,exact-cn,
as-0400-gunner,legs,404,both,4,4,93,exact-cn,
as-0405-blade,head,405,both,0,5,89,exact-cn,
as-0405-blade,chest,406,both,1,1,92,exact-cn,
as-0405-blade,arms,407,both,2,2,89,exact-cn,
as-0405-blade,waist,408,both,3,3,93,exact-cn,
as-0405-blade,legs,409,both,4,4,94,exact-cn,
as-0410-gunner,head,410,both,0,5,90,exact-cn,
as-0410-gunner,chest,411,both,1,1,93,exact-cn,
as-0410-gunner,arms,412,both,2,2,90,exact-cn,
as-0410-gunner,waist,413,both,3,3,94,exact-cn,
as-0410-gunner,legs,414,both,4,4,95,exact-cn,
as-0415-blade,head,415,both,0,5,91,exact-cn,
as-0415-blade,chest,416,both,1,1,94,exact-cn,
as-0417-gunner,head,417,both,0,5,92,exact-cn,
as-0417-gunner,chest,418,both,1,1,95,exact-cn,
as-0419-blade,head,419,female,0,5,191,exact-cn,
as-0419-blade,chest,420,female,1,1,197,exact-cn,
as-0419-blade,arms,421,female,2,2,192,exact-cn,
as-0419-blade,waist,422,female,3,3,194,exact-cn,
as-0419-blade,legs,423,female,4,4,196,exact-cn,
as-0424-gunner,head,424,female,0,5,192,exact-cn,
as-0424-gunner,chest,425,female,1,1,198,exact-cn,
as-0424-gunner,arms,426,female,2,2,193,exact-cn,
as-0424-gunner,waist,427,female,3,3,195,exact-cn,
as-0424-gunner,legs,428,female,4,4,197,exact-cn,
as-0429-blade,head,429,both,0,5,85,exact-cn,
as-0429-blade,chest,430,both,1,1,88,exact-cn,
as-0429-blade,arms,431,both,2,2,85,exact-cn,
as-0429-blade,waist,432,both,3,3,89,exact-cn,
as-0429-blade,legs,433,both,4,4,90,exact-cn,
as-0434-gunner,head,434,both,0,5,86,exact-cn,
as-0434-gunner,chest,435,both,1,1,89,exact-cn,
as-0434-gunner,arms,436,both,2,2,86,exact-cn,
as-0434-gunner,waist,437,both,3,3,90,exact-cn,
as-0434-gunner,legs,438,both,4,4,91,exact-cn,
as-0439-blade,head,439,both,0,5,105,exact-cn,
as-0439-blade,chest,440,both,1,1,109,exact-cn,
as-0439-blade,arms,441,both,2,2,104,exact-cn,
as-0439-blade,waist,442,both,3,3,108,exact-cn,
as-0439-blade,legs,443,both,4,4,108,exact-cn,
as-0444-gunner,head,444,both,0,5,106,exact-cn,
as-0444-gunner,chest,445,both,1,1,110,exact-cn,
as-0444-gunner,arms,446,both,2,2,105,exact-cn,
as-0444-gunner,waist,447,both,3,3,109,exact-cn,
as-0444-gunner,legs,448,both,4,4,109,exact-cn,
as-0449-blade,head,449,both,0,5,103,exact-cn,
as-0449-blade,chest,450,both,1,1,107,exact-cn,
as-0449-blade,arms,451,both,2,2,102,exact-cn,
as-0449-blade,waist,452,both,3,3,106,exact-cn,
as-0449-blade,legs,453,both,4,4,106,exact-cn,
as-0454-gunner,head,454,both,0,5,104,exact-cn,
as-0454-gunner,chest,455,both,1,1,108,exact-cn,
as-0454-gunner,arms,456,both,2,2,103,exact-cn,
as-0454-gunner,waist,457,both,3,3,107,exact-cn,
as-0454-gunner,legs,458,both,4,4,107,exact-cn,
as-0459-blade,head,459,both,0,5,101,exact-cn,
as-0459-blade,chest,460,both,1,1,105,exact-cn,
as-0459-blade,arms,461,both,2,2,100,exact-cn,
as-0459-blade,waist,462,both,3,3,104,exact-cn,
as-0459-blade,legs,463,both,4,4,104,exact-cn,
as-0464-gunner,head,464,both,0,5,102,exact-cn,
as-0464-gunner,chest,465,both,1,1,106,exact-cn,
as-0464-gunner,arms,466,both,2,2,101,exact-cn,
as-0464-gunner,waist,467,both,3,3,105,exact-cn,
as-0464-gunner,legs,468,both,4,4,105,exact-cn,
as-0469-blade,head,469,both,0,5,107,exact-cn,
as-0469-blade,chest,470,both,1,1,111,exact-cn,
as-0469-blade,arms,471,both,2,2,106,exact-cn,
as-0469-blade,waist,472,both,3,3,110,exact-cn,
as-0469-blade,legs,473,both,4,4,110,exact-cn,
as-0474-gunner,head,474,both,0,5,108,exact-cn,
as-0474-gunner,chest,475,both,1,1,112,exact-cn,
as-0474-gunner,arms,476,both,2,2,107,exact-cn,
as-0474-gunner,waist,477,both,3,3,111,exact-cn,
as-0474-gunner,legs,478,both,4,4,111,exact-cn,
as-0479-both,head,479,both,0,5,347,exact-cn,
as-0480-both,head,480,both,0,5,349,exact-cn,
as-0481-both,head,481,both,0,5,350,exact-cn,
as-0482-blade,head,482,both,0,5,93,exact-cn,
as-0482-blade,chest,483,both,1,1,96,exact-cn,
as-0482-blade,arms,484,both,2,2,91,exact-cn,
as-0482-blade,waist,485,both,3,3,95,exact-cn,
as-0482-blade,legs,486,both,4,4,96,exact-cn,
as-0487-gunner,head,487,both,0,5,94,exact-cn,
as-0487-gunner,chest,488,both,1,1,97,exact-cn,
as-0487-gunner,arms,489,both,2,2,92,exact-cn,
as-0487-gunner,waist,490,both,3,3,96,exact-cn,
as-0487-gunner,legs,491,both,4,4,97,exact-cn,
as-0492-blade,head,492,both,0,5,95,exact-cn,
as-0492-blade,chest,493,both,1,1,98,exact-cn,
as-0492-blade,arms,494,both,2,2,93,exact-cn,
as-0492-blade,waist,495,both,3,3,97,exact-cn,
as-0492-blade,legs,496,both,4,4,98,exact-cn,
as-0497-gunner,head,497,both,0,5,96,exact-cn,
as-0497-gunner,chest,498,both,1,1,99,exact-cn,
as-0497-gunner,arms,499,both,2,2,94,exact-cn,
as-0497-gunner,waist,500,both,3,3,98,exact-cn,
as-0497-gunner,legs,501,both,4,4,99,exact-cn,
as-0502-blade,head,502,both,0,5,97,exact-cn,
as-0502-blade,chest,503,both,1,1,100,exact-cn,
as-0502-blade,arms,504,both,2,2,95,exact-cn,
as-0502-blade,waist,505,both,3,3,99,exact-cn,
as-0502-blade,legs,506,both,4,4,100,exact-cn,
as-0507-gunner,head,507,both,0,5,98,exact-cn,
as-0507-gunner,chest,508,both,1,1,101,exact-cn,
as-0507-gunner,arms,509,both,2,2,96,exact-cn,
as-0507-gunner,waist,510,both,3,3,100,exact-cn,
as-0507-gunner,legs,511,both,4,4,,unmapped,
as-0512-blade,head,512,both,0,5,99,exact-cn,
as-0512-blade,chest,513,both,1,1,102,exact-cn,
as-0512-blade,arms,514,both,2,2,97,exact-cn,
as-0512-blade,waist,515,both,3,3,101,exact-cn,
as-0512-blade,legs,516,both,4,4,,unmapped,
as-0517-gunner,head,517,both,0,5,100,exact-cn,
as-0517-gunner,chest,518,both,1,1,103,exact-cn,
as-0517-gunner,arms,519,both,2,2,98,exact-cn,
as-0517-gunner,waist,520,both,3,3,102,exact-cn,
as-0517-gunner,legs,521,both,4,4,,unmapped,
as-0522-blade,head,522,both,0,5,109,exact-cn,
as-0522-blade,chest,523,both,1,1,113,exact-cn,
as-0522-blade,arms,524,both,2,2,108,exact-cn,
as-0522-blade,waist,525,both,3,3,112,exact-cn,
as-0522-blade,legs,526,both,4,4,112,exact-cn,
as-0527-gunner,head,527,both,0,5,110,exact-cn,
as-0527-gunner,chest,528,both,1,1,114,exact-cn,
as-0527-gunner,arms,529,both,2,2,109,exact-cn,
as-0527-gunner,waist,530,both,3,3,113,exact-cn,
as-0527-gunner,legs,531,both,4,4,113,exact-cn,
as-0532-blade,head,532,male,0,5,135,exact-cn,
as-0532-blade,head,542,female,1,5,137,exact-cn,
as-0532-blade,chest,533,male,2,1,139,exact-cn,
as-0532-blade,chest,543,female,3,1,,unmapped,
as-0532-blade,arms,534,male,4,2,134,exact-cn,
as-0532-blade,arms,544,female,5,2,136,exact-cn,
as-0532-blade,waist,535,male,6,3,138,exact-cn,
as-0532-blade,waist,545,female,7,3,140,exact-cn,
as-0532-blade,legs,536,male,8,4,138,exact-cn,
as-0532-blade,legs,546,female,9,4,140,exact-cn,
as-0537-gunner,head,537,male,0,5,136,exact-cn,
as-0537-gunner,head,547,female,1,5,138,exact-cn,
as-0537-gunner,chest,538,male,2,1,140,exact-cn,
as-0537-gunner,chest,548,female,3,1,142,exact-cn,
as-0537-gunner,arms,539,male,4,2,135,exact-cn,
as-0537-gunner,arms,549,female,5,2,137,exact-cn,
as-0537-gunner,waist,540,male,6,3,139,exact-cn,
as-0537-gunner,waist,550,female,7,3,141,exact-cn,
as-0537-gunner,legs,541,male,8,4,139,exact-cn,
as-0537-gunner,legs,551,female,9,4,141,exact-cn,
as-0552-blade,chest,552,both,0,1,145,exact-cn,
as-0552-blade,arms,553,both,1,2,140,exact-cn,
as-0552-blade,legs,554,both,2,4,144,exact-cn,
as-0555-gunner,chest,555,both,0,1,146,exact-cn,
as-0555-gunner,arms,556,both,1,2,141,exact-cn,
as-0555-gunner,legs,557,both,2,4,145,exact-cn,
as-0558-blade,head,558,both,0,5,111,exact-cn,
as-0558-blade,chest,559,both,1,1,115,exact-cn,
as-0558-blade,arms,560,both,2,2,110,exact-cn,
as-0558-blade,waist,561,both,3,3,114,exact-cn,
as-0558-blade,legs,562,both,4,4,114,exact-cn,
as-0563-gunner,head,563,both,0,5,112,exact-cn,
as-0563-gunner,chest,564,both,1,1,116,exact-cn,
as-0563-gunner,arms,565,both,2,2,111,exact-cn,
as-0563-gunner,waist,566,both,3,3,115,exact-cn,
as-0563-gunner,legs,567,both,4,4,115,exact-cn,
as-0568-blade,head,568,both,0,5,113,exact-cn,
as-0568-blade,chest,569,both,1,1,117,exact-cn,
as-0568-blade,arms,570,both,2,2,112,exact-cn,
as-0568-blade,waist,571,both,3,3,116,exact-cn,
as-0568-blade,legs,572,both,4,4,116,exact-cn,
as-0573-gunner,head,573,both,0,5,114,exact-cn,
as-0573-gunner,chest,574,both,1,1,118,exact-cn,
as-0573-gunner,arms,575,both,2,2,113,exact-cn,
as-0573-gunner,waist,576,both,3,3,117,exact-cn,
as-0573-gunner,legs,577,both,4,4,117,exact-cn,
as-0578-blade,head,578,both,0,5,115,exact-cn,
as-0578-blade,chest,579,both,1,1,119,exact-cn,
as-0578-blade,arms,580,both,2,2,114,exact-cn,
as-0578-blade,waist,581,both,3,3,118,exact-cn,
as-0578-blade,legs,582,both,4,4,118,exact-cn,
as-0583-gunner,head,583,both,0,5,116,exact-cn,
as-0583-gunner,chest,584,both,1,1,120,exact-cn,
as-0583-gunner,arms,585,both,2,2,115,exact-cn,
as-0583-gunner,waist,586,both,3,3,119,exact-cn,
as-0583-gunner,legs,587,both,4,4,119,exact-cn,
as-0588-blade,head,588,both,0,5,139,exact-cn,
as-0588-blade,chest,589,both,1,1,143,exact-cn,
as-0588-blade,arms,590,both,2,2,138,exact-cn,
as-0588-blade,waist,591,both,3,3,142,exact-cn,
as-0588-blade,legs,592,both,4,4,142,exact-cn,
as-0593-gunner,head,593,both,0,5,140,exact-cn,
as-0593-gunner,chest,594,both,1,1,144,exact-cn,
as-0593-gunner,arms,595,both,2,2,139,exact-cn,
as-0593-gunner,waist,596,both,3,3,143,exact-cn,
as-0593-gunner,legs,597,both,4,4,143,exact-cn,
as-0598-blade,head,598,male,0,5,117,exact-cn,
as-0598-blade,head,608,female,1,5,119,exact-cn,
as-0598-blade,chest,599,male,2,1,121,exact-cn,
as-0598-blade,chest,609,female,3,1,123,exact-cn,
as-0598-blade,arms,600,male,4,2,116,exact-cn,
as-0598-blade,arms,610,female,5,2,118,exact-cn,
as-0598-blade,waist,601,male,6,3,120,exact-cn,
as-0598-blade,waist,611,female,7,3,122,exact-cn,
as-0598-blade,legs,602,male,8,4,120,exact-cn,
as-0598-blade,legs,612,female,9,4,122,exact-cn,
as-0603-gunner,head,603,male,0,5,118,exact-cn,
as-0603-gunner,head,613,female,1,5,120,exact-cn,
as-0603-gunner,chest,604,male,2,1,122,exact-cn,
as-0603-gunner,chest,614,female,3,1,124,exact-cn,
as-0603-gunner,arms,605,male,4,2,117,exact-cn,
as-0603-gunner,arms,615,female,5,2,119,exact-cn,
as-0603-gunner,waist,606,male,6,3,121,exact-cn,
as-0603-gunner,waist,616,female,7,3,123,exact-cn,
as-0603-gunner,legs,607,male,8,4,121,exact-cn,
as-0603-gunner,legs,617,female,9,4,123,exact-cn,
as-0618-blade,head,618,both,0,5,129,exact-cn,
as-0618-blade,chest,619,both,1,1,133,exact-cn,
as-0618-blade,arms,620,both,2,2,128,exact-cn,
as-0618-blade,waist,621,both,3,3,132,exact-cn,
as-0618-blade,legs,622,both,4,4,132,exact-cn,
as-0623-gunner,head,623,both,0,5,130,exact-cn,
as-0623-gunner,chest,624,both,1,1,134,exact-cn,
as-0623-gunner,arms,625,both,2,2,129,exact-cn,
as-0623-gunner,waist,626,both,3,3,133,exact-cn,
as-0623-gunner,legs,627,both,4,4,133,exact-cn,
as-0628-blade,head,628,both,0,5,121,exact-cn,
as-0628-blade,chest,629,both,1,1,125,exact-cn,
as-0628-blade,arms,630,both,2,2,120,exact-cn,
as-0628-blade,waist,631,both,3,3,124,exact-cn,
as-0628-blade,legs,632,both,4,4,124,exact-cn,
as-0633-gunner,head,633,both,0,5,122,exact-cn,
as-0633-gunner,chest,634,both,1,1,126,exact-cn,
as-0633-gunner,arms,635,both,2,2,121,exact-cn,
as-0633-gunner,waist,636,both,3,3,125,exact-cn,
as-0633-gunner,legs,637,both,4,4,125,exact-cn,
as-0638-blade,head,638,both,0,5,123,exact-cn,
as-0638-blade,chest,639,both,1,1,127,exact-cn,
as-0638-blade,arms,640,both,2,2,122,exact-cn,
as-0638-blade,waist,641,both,3,3,,unmapped,
as-0638-blade,legs,642,both,4,4,126,exact-cn,
as-0643-gunner,head,643,both,0,5,,unmapped,
as-0643-gunner,chest,644,both,1,1,128,exact-cn,
as-0643-gunner,arms,645,both,2,2,123,exact-cn,
as-0643-gunner,waist,646,both,3,3,,unmapped,
as-0643-gunner,legs,647,both,4,4,127,exact-cn,
as-0648-blade,head,648,both,0,5,125,exact-cn,
as-0648-blade,chest,649,both,1,1,129,exact-cn,
as-0648-blade,arms,650,both,2,2,124,exact-cn,
as-0648-blade,waist,651,both,3,3,128,exact-cn,
as-0648-blade,legs,652,both,4,4,,unmapped,
as-0653-gunner,head,653,both,0,5,126,exact-cn,
as-0653-gunner,chest,654,both,1,1,130,exact-cn,
as-0653-gunner,arms,655,both,2,2,125,exact-cn,
as-0653-gunner,waist,656,both,3,3,129,exact-cn,
as-0653-gunner,legs,657,both,4,4,,unmapped,
as-0658-blade,head,658,both,0,5,127,exact-cn,
as-0658-blade,chest,659,both,1,1,131,exact-cn,
as-0658-blade,arms,660,both,2,2,126,exact-cn,
as-0658-blade,waist,661,both,3,3,130,exact-cn,
as-0658-blade,legs,662,both,4,4,,unmapped,
as-0663-gunner,head,663,both,0,5,128,exact-cn,
as-0663-gunner,chest,664,both,1,1,132,exact-cn,
as-0663-gunner,arms,665,both,2,2,127,exact-cn,
as-0663-gunner,waist,666,both,3,3,131,exact-cn,
as-0663-gunner,legs,667,both,4,4,,unmapped,
as-0668-blade,head,668,both,0,5,187,exact-cn,
as-0668-blade,chest,669,both,1,1,193,exact-cn,
as-0668-blade,arms,670,both,2,2,188,exact-cn,
as-0668-blade,legs,671,both,3,4,192,exact-cn,
as-0672-gunner,head,672,both,0,5,188,exact-cn,
as-0672-gunner,chest,673,both,1,1,194,exact-cn,
as-0672-gunner,arms,674,both,2,2,189,exact-cn,
as-0672-gunner,legs,675,both,3,4,193,exact-cn,
as-0676-blade,head,676,both,0,5,149,exact-cn,
as-0676-blade,chest,677,both,1,1,155,exact-cn,
as-0676-blade,arms,678,both,2,2,150,exact-cn,
as-0676-blade,waist,679,both,3,3,152,exact-cn,
as-0676-blade,legs,680,both,4,4,154,exact-cn,
as-0681-gunner,head,681,both,0,5,150,exact-cn,
as-0681-gunner,chest,682,both,1,1,156,exact-cn,
as-0681-gunner,arms,683,both,2,2,151,exact-cn,
as-0681-gunner,waist,684,both,3,3,153,exact-cn,
as-0681-gunner,legs,685,both,4,4,155,exact-cn,
as-0686-blade,head,686,both,0,5,151,exact-cn,
as-0686-blade,chest,687,both,1,1,157,exact-cn,
as-0686-blade,arms,688,both,2,2,152,exact-cn,
as-0686-blade,waist,689,both,3,3,154,exact-cn,
as-0686-blade,legs,690,both,4,4,156,exact-cn,
as-0691-gunner,head,691,both,0,5,152,exact-cn,
as-0691-gunner,chest,692,both,1,1,158,exact-cn,
as-0691-gunner,arms,693,both,2,2,153,exact-cn,
as-0691-gunner,waist,694,both,3,3,155,exact-cn,
as-0691-gunner,legs,695,both,4,4,157,exact-cn,
as-0696-blade,head,696,both,0,5,181,exact-cn,
as-0696-blade,chest,697,both,1,1,187,exact-cn,
as-0696-blade,arms,698,both,2,2,182,exact-cn,
as-0696-blade,waist,699,both,3,3,184,exact-cn,
as-0696-blade,legs,700,both,4,4,186,exact-cn,
as-0701-gunner,head,701,both,0,5,182,exact-cn,
as-0701-gunner,chest,702,both,1,1,188,exact-cn,
as-0701-gunner,arms,703,both,2,2,183,exact-cn,
as-0701-gunner,waist,704,both,3,3,185,exact-cn,
as-0701-gunner,legs,705,both,4,4,187,exact-cn,
as-0706-blade,head,706,both,0,5,185,exact-cn,
as-0706-blade,chest,707,both,1,1,191,exact-cn,
as-0706-blade,arms,708,both,2,2,186,exact-cn,
as-0706-blade,waist,709,both,3,3,,unmapped,
as-0706-blade,legs,710,both,4,4,190,exact-cn,
as-0711-gunner,head,711,both,0,5,186,exact-cn,
as-0711-gunner,chest,712,both,1,1,192,exact-cn,
as-0711-gunner,arms,713,both,2,2,187,exact-cn,
as-0711-gunner,waist,714,both,3,3,189,exact-cn,
as-0711-gunner,legs,715,both,4,4,191,exact-cn,
as-0716-blade,head,716,both,0,5,141,exact-cn,
as-0716-blade,chest,717,both,1,1,147,exact-cn,
as-0716-blade,arms,718,both,2,2,142,exact-cn,
as-0716-blade,waist,719,both,3,3,144,exact-cn,
as-0716-blade,legs,720,both,4,4,146,exact-cn,
as-0721-gunner,head,721,both,0,5,142,exact-cn,
as-0721-gunner,chest,722,both,1,1,148,exact-cn,
as-0721-gunner,arms,723,both,2,2,143,exact-cn,
as-0721-gunner,waist,724,both,3,3,145,exact-cn,
as-0721-gunner,legs,725,both,4,4,147,exact-cn,
as-0726-blade,head,726,both,0,5,143,exact-cn,
as-0726-blade,chest,727,both,1,1,149,exact-cn,
as-0726-blade,arms,728,both,2,2,144,exact-cn,
as-0726-blade,waist,729,both,3,3,146,exact-cn,
as-0726-blade,legs,730,both,4,4,148,exact-cn,
as-0731-gunner,head,731,both,0,5,144,exact-cn,
as-0731-gunner,chest,732,both,1,1,150,exact-cn,
as-0731-gunner,arms,733,both,2,2,145,exact-cn,
as-0731-gunner,waist,734,both,3,3,147,exact-cn,
as-0731-gunner,legs,735,both,4,4,149,exact-cn,
as-0736-blade,head,736,both,0,5,145,exact-cn,
as-0736-blade,chest,737,both,1,1,151,exact-cn,
as-0736-blade,arms,738,both,2,2,146,exact-cn,
as-0736-blade,waist,739,both,3,3,148,exact-cn,
as-0736-blade,legs,740,both,4,4,150,exact-cn,
as-0741-gunner,head,741,both,0,5,146,exact-cn,
as-0741-gunner,chest,742,both,1,1,152,exact-cn,
as-0741-gunner,arms,743,both,2,2,147,exact-cn,
as-0741-gunner,waist,744,both,3,3,149,exact-cn,
as-0741-gunner,legs,745,both,4,4,151,exact-cn,
as-0746-blade,head,746,both,0,5,147,exact-cn,
as-0746-blade,chest,747,both,1,1,153,exact-cn,
as-0746-blade,arms,748,both,2,2,148,exact-cn,
as-0746-blade,waist,749,both,3,3,150,exact-cn,
as-0746-blade,legs,750,both,4,4,152,exact-cn,
as-0751-gunner,head,751,both,0,5,148,exact-cn,
as-0751-gunner,chest,752,both,1,1,154,exact-cn,
as-0751-gunner,arms,753,both,2,2,149,exact-cn,
as-0751-gunner,waist,754,both,3,3,151,exact-cn,
as-0751-gunner,legs,755,both,4,4,153,exact-cn,
as-0756-blade,head,756,both,0,5,179,exact-cn,
as-0756-blade,chest,757,both,1,1,185,exact-cn,
as-0756-blade,arms,758,both,2,2,180,exact-cn,
as-0756-blade,waist,759,both,3,3,182,exact-cn,
as-0756-blade,legs,760,both,4,4,184,exact-cn,
as-0761-gunner,head,761,both,0,5,180,exact-cn,
as-0761-gunner,chest,762,both,1,1,186,exact-cn,
as-0761-gunner,arms,763,both,2,2,181,exact-cn,
as-0761-gunner,waist,764,both,3,3,183,exact-cn,
as-0761-gunner,legs,765,both,4,4,185,exact-cn,
as-0766-blade,head,766,both,0,5,189,exact-cn,
as-0766-blade,chest,767,both,1,1,195,exact-cn,
as-0766-blade,arms,768,both,2,2,190,exact-cn,
as-0766-blade,waist,769,both,3,3,192,exact-cn,
as-0766-blade,legs,770,both,4,4,194,exact-cn,
as-0771-gunner,head,771,both,0,5,190,exact-cn,
as-0771-gunner,chest,772,both,1,1,196,exact-cn,
as-0771-gunner,arms,773,both,2,2,191,exact-cn,
as-0771-gunner,waist,774,both,3,3,193,exact-cn,
as-0771-gunner,legs,775,both,4,4,195,exact-cn,
as-0776-blade,head,776,both,0,5,183,exact-cn,
as-0776-blade,chest,777,both,1,1,189,exact-cn,
as-0776-blade,arms,778,both,2,2,184,exact-cn,
as-0776-blade,waist,779,both,3,3,186,exact-cn,
as-0776-blade,legs,780,both,4,4,188,exact-cn,
as-0781-gunner,head,781,both,0,5,184,exact-cn,
as-0781-gunner,chest,782,both,1,1,190,exact-cn,
as-0781-gunner,arms,783,both,2,2,185,exact-cn,
as-0781-gunner,waist,784,both,3,3,187,exact-cn,
as-0781-gunner,legs,785,both,4,4,189,exact-cn,
as-0786-blade,head,786,both,0,5,193,exact-cn,
as-0786-blade,chest,787,both,1,1,199,exact-cn,
as-0786-blade,arms,788,both,2,2,194,exact-cn,
as-0786-blade,waist,789,both,3,3,196,exact-cn,
as-0786-blade,legs,790,both,4,4,198,exact-cn,
as-0791-gunner,head,791,both,0,5,194,exact-cn,
as-0791-gunner,chest,792,both,1,1,200,exact-cn,
as-0791-gunner,arms,793,both,2,2,195,exact-cn,
as-0791-gunner,waist,794,both,3,3,197,exact-cn,
as-0791-gunner,legs,795,both,4,4,199,exact-cn,
as-0796-blade,head,796,both,0,5,131,exact-cn,
as-0796-blade,chest,797,both,1,1,135,exact-cn,
as-0796-blade,arms,798,both,2,2,130,exact-cn,
as-0796-blade,waist,799,both,3,3,134,exact-cn,
as-0796-blade,legs,800,both,4,4,134,exact-cn,
as-0801-gunner,head,801,both,0,5,132,exact-cn,
as-0801-gunner,chest,802,both,1,1,136,exact-cn,
as-0801-gunner,arms,803,both,2,2,131,exact-cn,
as-0801-gunner,waist,804,both,3,3,135,exact-cn,
as-0801-gunner,legs,805,both,4,4,135,exact-cn,
as-0806-blade,head,806,both,0,5,153,exact-cn,
as-0806-blade,chest,807,both,1,1,159,exact-cn,
as-0806-blade,arms,808,both,2,2,154,exact-cn,
as-0806-blade,waist,809,both,3,3,156,exact-cn,
as-0806-blade,legs,810,both,4,4,158,exact-cn,
as-0811-gunner,head,811,both,0,5,154,exact-cn,
as-0811-gunner,chest,812,both,1,1,160,exact-cn,
as-0811-gunner,arms,813,both,2,2,155,exact-cn,
as-0811-gunner,waist,814,both,3,3,157,exact-cn,
as-0811-gunner,legs,815,both,4,4,159,exact-cn,
as-0816-blade,head,816,both,0,5,155,exact-cn,
as-0816-blade,chest,817,both,1,1,161,exact-cn,
as-0816-blade,arms,818,both,2,2,156,exact-cn,
as-0816-blade,waist,819,both,3,3,158,exact-cn,
as-0816-blade,legs,820,both,4,4,160,exact-cn,
as-0821-gunner,head,821,both,0,5,156,exact-cn,
as-0821-gunner,chest,822,both,1,1,162,exact-cn,
as-0821-gunner,arms,823,both,2,2,157,exact-cn,
as-0821-gunner,waist,824,both,3,3,159,exact-cn,
as-0821-gunner,legs,825,both,4,4,161,exact-cn,
as-0826-blade,head,826,both,0,5,161,exact-cn,
as-0826-blade,chest,827,both,1,1,167,exact-cn,
as-0826-blade,arms,828,both,2,2,162,exact-cn,
as-0826-blade,waist,829,both,3,3,164,exact-cn,
as-0826-blade,legs,830,both,4,4,166,exact-cn,
as-0831-gunner,head,831,both,0,5,162,exact-cn,
as-0831-gunner,chest,832,both,1,1,168,exact-cn,
as-0831-gunner,arms,833,both,2,2,163,exact-cn,
as-0831-gunner,waist,834,both,3,3,,unmapped,
as-0831-gunner,legs,835,both,4,4,167,exact-cn,
as-0836-blade,head,836,both,0,5,163,exact-cn,
as-0836-blade,chest,837,both,1,1,169,exact-cn,
as-0836-blade,arms,838,both,2,2,164,exact-cn,
as-0836-blade,waist,839,both,3,3,166,exact-cn,
as-0836-blade,legs,840,both,4,4,168,exact-cn,
as-0841-gunner,head,841,both,0,5,164,exact-cn,
as-0841-gunner,chest,842,both,1,1,170,exact-cn,
as-0841-gunner,arms,843,both,2,2,165,exact-cn,
as-0841-gunner,waist,844,both,3,3,,unmapped,
as-0841-gunner,legs,845,both,4,4,169,exact-cn,
as-0846-blade,head,846,both,0,5,157,exact-cn,
as-0846-blade,chest,847,both,1,1,163,exact-cn,
as-0846-blade,arms,848,both,2,2,158,exact-cn,
as-0846-blade,waist,849,both,3,3,160,exact-cn,
as-0846-blade,legs,850,both,4,4,162,exact-cn,
as-0851-gunner,head,851,both,0,5,158,exact-cn,
as-0851-gunner,chest,852,both,1,1,164,exact-cn,
as-0851-gunner,arms,853,both,2,2,159,exact-cn,
as-0851-gunner,waist,854,both,3,3,161,exact-cn,
as-0851-gunner,legs,855,both,4,4,163,exact-cn,
as-0856-blade,head,856,both,0,5,159,exact-cn,
as-0856-blade,chest,857,both,1,1,165,exact-cn,
as-0856-blade,arms,858,both,2,2,160,exact-cn,
as-0856-blade,waist,859,both,3,3,162,exact-cn,
as-0856-blade,legs,860,both,4,4,164,exact-cn,
as-0861-gunner,head,861,both,0,5,160,exact-cn,
as-0861-gunner,chest,862,both,1,1,166,exact-cn,
as-0861-gunner,arms,863,both,2,2,161,exact-cn,
as-0861-gunner,waist,864,both,3,3,163,exact-cn,
as-0861-gunner,legs,865,both,4,4,165,exact-cn,
as-0866-blade,head,866,both,0,5,167,exact-cn,
as-0866-blade,chest,867,both,1,1,173,exact-cn,
as-0866-blade,arms,868,both,2,2,168,exact-cn,
as-0866-blade,waist,869,both,3,3,170,exact-cn,
as-0866-blade,legs,870,both,4,4,172,exact-cn,
as-0871-gunner,head,871,both,0,5,168,exact-cn,
as-0871-gunner,chest,872,both,1,1,174,exact-cn,
as-0871-gunner,arms,873,both,2,2,169,exact-cn,
as-0871-gunner,waist,874,both,3,3,171,exact-cn,
as-0871-gunner,legs,875,both,4,4,173,exact-cn,
as-0876-blade,head,876,male,0,5,173,exact-cn,
as-0876-blade,head,886,female,1,5,175,exact-cn,
as-0876-blade,chest,877,male,2,1,179,exact-cn,
as-0876-blade,chest,887,female,3,1,181,exact-cn,
as-0876-blade,arms,878,male,4,2,174,exact-cn,
as-0876-blade,arms,888,female,5,2,176,exact-cn,
as-0876-blade,waist,879,male,6,3,176,exact-cn,
as-0876-blade,waist,889,female,7,3,178,exact-cn,
as-0876-blade,legs,880,male,8,4,178,exact-cn,
as-0876-blade,legs,890,female,9,4,180,exact-cn,
as-0881-gunner,head,881,male,0,5,174,exact-cn,
as-0881-gunner,head,891,female,1,5,176,exact-cn,
as-0881-gunner,chest,882,male,2,1,180,exact-cn,
as-0881-gunner,chest,892,female,3,1,182,exact-cn,
as-0881-gunner,arms,883,male,4,2,175,exact-cn,
as-0881-gunner,arms,893,female,5,2,177,exact-cn,
as-0881-gunner,waist,884,male,6,3,177,exact-cn,
as-0881-gunner,waist,894,female,7,3,179,exact-cn,
as-0881-gunner,legs,885,male,8,4,179,exact-cn,
as-0881-gunner,legs,895,female,9,4,181,exact-cn,
as-0896-blade,head,896,both,0,5,165,exact-cn,
as-0896-blade,chest,897,both,1,1,171,exact-cn,
as-0896-blade,arms,898,both,2,2,166,exact-cn,
as-0896-blade,waist,899,both,3,3,168,exact-cn,
as-0896-blade,legs,900,both,4,4,170,exact-cn,
as-0901-gunner,head,901,both,0,5,166,exact-cn,
as-0901-gunner,chest,902,both,1,1,172,exact-cn,
as-0901-gunner,arms,903,both,2,2,167,exact-cn,
as-0901-gunner,waist,904,both,3,3,169,exact-cn,
as-0901-gunner,legs,905,both,4,4,171,exact-cn,
as-0906-blade,head,906,both,0,5,177,exact-cn,
as-0906-blade,chest,907,both,1,1,183,exact-cn,
as-0906-blade,arms,908,both,2,2,178,exact-cn,
as-0906-blade,waist,909,both,3,3,180,exact-cn,
as-0906-blade,legs,910,both,4,4,182,exact-cn,
as-0911-gunner,head,911,both,0,5,178,exact-cn,
as-0911-gunner,chest,912,both,1,1,184,exact-cn,
as-0911-gunner,arms,913,both,2,2,179,exact-cn,
as-0911-gunner,waist,914,both,3,3,181,exact-cn,
as-0911-gunner,legs,915,both,4,4,183,exact-cn,
as-0916-blade,head,916,both,0,5,364,exact-cn,
as-0916-blade,chest,917,both,1,1,364,exact-cn,
as-0916-blade,arms,918,both,2,2,355,exact-cn,
as-0916-blade,waist,919,both,3,3,359,exact-cn,
as-0916-blade,legs,920,both,4,4,363,exact-cn,
as-0921-gunner,head,921,both,0,5,,unmapped,
as-0921-gunner,chest,922,both,1,1,365,exact-cn,
as-0921-gunner,arms,923,both,2,2,356,exact-cn,
as-0921-gunner,waist,924,both,3,3,360,exact-cn,
as-0921-gunner,legs,925,both,4,4,364,exact-cn,
as-0926-blade,chest,926,both,0,1,370,exact-cn,
as-0927-gunner,chest,927,both,0,1,371,exact-cn,
as-0928-blade,chest,928,both,0,1,372,exact-cn,
as-0929-gunner,chest,929,both,0,1,373,exact-cn,
as-0930-blade,chest,930,both,0,1,380,exact-cn,
as-0931-gunner,chest,931,both,0,1,381,exact-cn,
as-0932-blade,legs,932,both,0,4,369,exact-cn,
as-0933-gunner,legs,933,both,0,4,370,exact-cn,
as-0934-blade,chest,934,both,0,1,368,exact-cn,
as-0934-blade,waist,935,both,1,3,363,exact-cn,
as-0934-blade,legs,936,both,2,4,367,exact-cn,
as-0937-gunner,chest,937,both,0,1,369,exact-cn,
as-0937-gunner,waist,938,both,1,3,364,exact-cn,
as-0937-gunner,legs,939,both,2,4,368,exact-cn,
as-0940-blade,head,940,both,0,5,351,exact-cn,
as-0941-gunner,head,941,both,0,5,378,exact-cn,
as-0942-blade,head,942,both,0,5,209,exact-cn,
as-0942-blade,chest,943,both,1,1,213,exact-cn,
as-0942-blade,arms,944,both,2,2,208,exact-cn,
as-0942-blade,waist,945,both,3,3,212,exact-cn,
as-0942-blade,legs,946,both,4,4,214,exact-cn,
as-0947-gunner,head,947,both,0,5,210,exact-cn,
as-0947-gunner,chest,948,both,1,1,214,exact-cn,
as-0947-gunner,arms,949,both,2,2,209,exact-cn,
as-0947-gunner,waist,950,both,3,3,213,exact-cn,
as-0947-gunner,legs,951,both,4,4,215,exact-cn,
as-0952-blade,head,952,both,0,5,,unmapped,
as-0952-blade,chest,953,both,1,1,215,exact-cn,
as-0952-blade,arms,954,both,2,2,210,exact-cn,
as-0952-blade,waist,955,both,3,3,214,exact-cn,
as-0952-blade,legs,956,both,4,4,216,exact-cn,
as-0957-gunner,head,957,both,0,5,,unmapped,
as-0957-gunner,chest,958,both,1,1,216,exact-cn,
as-0957-gunner,arms,959,both,2,2,211,exact-cn,
as-0957-gunner,waist,960,both,3,3,215,exact-cn,
as-0957-gunner,legs,961,both,4,4,217,exact-cn,
as-0962-blade,head,962,both,0,5,213,exact-cn,
as-0962-blade,chest,963,both,1,1,217,exact-cn,
as-0964-gunner,head,964,both,0,5,214,exact-cn,
as-0964-gunner,chest,965,both,1,1,218,exact-cn,
as-0966-both,head,966,both,0,5,352,exact-cn,
as-0966-both,chest,967,both,1,1,355,exact-cn,
as-0966-both,arms,968,both,2,2,346,exact-cn,
as-0966-both,waist,969,both,3,3,350,exact-cn,
as-0966-both,legs,970,both,4,4,354,exact-cn,
as-1650-both,head,1650,both,0,5,,unmapped,
as-1651-both,head,1651,both,0,5,377,exact-cn,
as-0971-blade,head,971,both,0,5,333,exact-cn,
as-0971-blade,chest,972,both,1,1,339,exact-cn,
as-0971-blade,arms,973,both,2,2,330,exact-cn,
as-0971-blade,waist,974,both,3,3,336,exact-cn,
as-0971-blade,legs,975,both,4,4,338,exact-cn,
as-0976-gunner,head,976,both,0,5,334,exact-cn,
as-0976-gunner,chest,977,both,1,1,340,exact-cn,
as-0976-gunner,arms,978,both,2,2,331,exact-cn,
as-0976-gunner,waist,979,both,3,3,337,exact-cn,
as-0976-gunner,legs,980,both,4,4,339,exact-cn,
as-0981-blade,head,981,both,0,5,215,exact-cn,
as-0981-blade,chest,982,both,1,1,219,exact-cn,
as-0981-blade,arms,983,both,2,2,212,exact-cn,
as-0981-blade,waist,984,both,3,3,216,exact-cn,
as-0981-blade,legs,985,both,4,4,218,exact-cn,
as-0986-gunner,head,986,both,0,5,216,exact-cn,
as-0986-gunner,chest,987,both,1,1,220,exact-cn,
as-0986-gunner,arms,988,both,2,2,213,exact-cn,
as-0986-gunner,waist,989,both,3,3,217,exact-cn,
as-0986-gunner,legs,990,both,4,4,219,exact-cn,
as-0991-blade,head,991,both,0,5,217,exact-cn,
as-0991-blade,chest,992,both,1,1,221,exact-cn,
as-0991-blade,arms,993,both,2,2,214,exact-cn,
as-0991-blade,waist,994,both,3,3,218,exact-cn,
as-0991-blade,legs,995,both,4,4,220,exact-cn,
as-0996-gunner,head,996,both,0,5,218,exact-cn,
as-0996-gunner,chest,997,both,1,1,222,exact-cn,
as-0996-gunner,arms,998,both,2,2,215,exact-cn,
as-0996-gunner,waist,999,both,3,3,219,exact-cn,
as-0996-gunner,legs,1000,both,4,4,221,exact-cn,
as-1001-blade,head,1001,both,0,5,219,exact-cn,
as-1001-blade,chest,1002,both,1,1,223,exact-cn,
as-1001-blade,arms,1003,both,2,2,216,exact-cn,
as-1001-blade,waist,1004,both,3,3,220,exact-cn,
as-1001-blade,legs,1005,both,4,4,222,exact-cn,
as-1006-gunner,head,1006,both,0,5,220,exact-cn,
as-1006-gunner,chest,1007,both,1,1,224,exact-cn,
as-1006-gunner,arms,1008,both,2,2,217,exact-cn,
as-1006-gunner,waist,1009,both,3,3,221,exact-cn,
as-1006-gunner,legs,1010,both,4,4,223,exact-cn,
as-1011-blade,head,1011,both,0,5,221,exact-cn,
as-1011-blade,chest,1012,both,1,1,225,exact-cn,
as-1011-blade,arms,1013,both,2,2,218,exact-cn,
as-1011-blade,waist,1014,both,3,3,222,exact-cn,
as-1011-blade,legs,1015,both,4,4,224,exact-cn,
as-1016-gunner,head,1016,both,0,5,222,exact-cn,
as-1016-gunner,chest,1017,both,1,1,226,exact-cn,
as-1016-gunner,arms,1018,both,2,2,219,exact-cn,
as-1016-gunner,waist,1019,both,3,3,223,exact-cn,
as-1016-gunner,legs,1020,both,4,4,225,exact-cn,
as-1021-blade,head,1021,both,0,5,223,exact-cn,
as-1021-blade,chest,1022,both,1,1,227,exact-cn,
as-1021-blade,arms,1023,both,2,2,220,exact-cn,
as-1021-blade,waist,1024,both,3,3,224,exact-cn,
as-1021-blade,legs,1025,both,4,4,226,exact-cn,
as-1026-gunner,head,1026,both,0,5,224,exact-cn,
as-1026-gunner,chest,1027,both,1,1,228,exact-cn,
as-1026-gunner,arms,1028,both,2,2,221,exact-cn,
as-1026-gunner,waist,1029,both,3,3,225,exact-cn,
as-1026-gunner,legs,1030,both,4,4,,unmapped,
as-1031-blade,head,1031,both,0,5,225,exact-cn,
as-1031-blade,chest,1032,both,1,1,229,exact-cn,
as-1031-blade,arms,1033,both,2,2,222,exact-cn,
as-1031-blade,waist,1034,both,3,3,226,exact-cn,
as-1031-blade,legs,1035,both,4,4,228,exact-cn,
as-1036-gunner,head,1036,both,0,5,226,exact-cn,
as-1036-gunner,chest,1037,both,1,1,230,exact-cn,
as-1036-gunner,arms,1038,both,2,2,223,exact-cn,
as-1036-gunner,waist,1039,both,3,3,227,exact-cn,
as-1036-gunner,legs,1040,both,4,4,229,exact-cn,
as-1041-blade,head,1041,both,0,5,207,exact-cn,
as-1041-blade,chest,1042,both,1,1,211,exact-cn,
as-1041-blade,arms,1043,both,2,2,206,exact-cn,
as-1041-blade,waist,1044,both,3,3,210,exact-cn,
as-1041-blade,legs,1045,both,4,4,212,exact-cn,
as-1046-gunner,head,1046,both,0,5,208,exact-cn,
as-1046-gunner,chest,1047,both,1,1,212,exact-cn,
as-1046-gunner,arms,1048,both,2,2,207,exact-cn,
as-1046-gunner,waist,1049,both,3,3,211,exact-cn,
as-1046-gunner,legs,1050,both,4,4,213,exact-cn,
as-1051-blade,head,1051,female,0,5,335,exact-cn,
as-1051-blade,chest,1052,female,1,1,343,exact-cn,
as-1051-blade,arms,1053,female,2,2,,unmapped,
as-1051-blade,waist,1054,female,3,3,338,exact-cn,
as-1051-blade,legs,1055,female,4,4,342,exact-cn,
as-1056-gunner,head,1056,female,0,5,336,exact-cn,
as-1056-gunner,chest,1057,female,1,1,344,exact-cn,
as-1056-gunner,arms,1058,female,2,2,335,exact-cn,
as-1056-gunner,waist,1059,female,3,3,339,exact-cn,
as-1056-gunner,legs,1060,female,4,4,343,exact-cn,
as-1061-blade,head,1061,female,0,5,345,exact-cn,
as-1061-blade,chest,1062,female,1,1,353,exact-cn,
as-1061-blade,arms,1063,female,2,2,344,exact-cn,
as-1061-blade,waist,1064,female,3,3,348,exact-cn,
as-1061-blade,legs,1065,female,4,4,352,exact-cn,
as-1066-gunner,head,1066,female,0,5,346,exact-cn,
as-1066-gunner,chest,1067,female,1,1,354,exact-cn,
as-1066-gunner,arms,1068,female,2,2,345,exact-cn,
as-1066-gunner,waist,1069,female,3,3,349,exact-cn,
as-1066-gunner,legs,1070,female,4,4,353,exact-cn,
as-1071-blade,head,1071,both,0,5,227,exact-cn,
as-1071-blade,chest,1072,both,1,1,231,exact-cn,
as-1071-blade,arms,1073,both,2,2,224,exact-cn,
as-1071-blade,waist,1074,both,3,3,228,exact-cn,
as-1071-blade,legs,1075,both,4,4,230,exact-cn,
as-1076-gunner,head,1076,both,0,5,228,exact-cn,
as-1076-gunner,chest,1077,both,1,1,232,exact-cn,
as-1076-gunner,arms,1078,both,2,2,225,exact-cn,
as-1076-gunner,waist,1079,both,3,3,229,exact-cn,
as-1076-gunner,legs,1080,both,4,4,231,exact-cn,
as-1081-blade,head,1081,both,0,5,229,exact-cn,
as-1081-blade,chest,1082,both,1,1,233,exact-cn,
as-1081-blade,arms,1083,both,2,2,226,exact-cn,
as-1081-blade,waist,1084,both,3,3,230,exact-cn,
as-1081-blade,legs,1085,both,4,4,232,exact-cn,
as-1086-gunner,head,1086,both,0,5,230,exact-cn,
as-1086-gunner,chest,1087,both,1,1,234,exact-cn,
as-1086-gunner,arms,1088,both,2,2,227,exact-cn,
as-1086-gunner,waist,1089,both,3,3,231,exact-cn,
as-1086-gunner,legs,1090,both,4,4,233,exact-cn,
as-1091-blade,head,1091,both,0,5,231,exact-cn,
as-1091-blade,chest,1092,both,1,1,235,exact-cn,
as-1091-blade,arms,1093,both,2,2,228,exact-cn,
as-1091-blade,waist,1094,both,3,3,232,exact-cn,
as-1091-blade,legs,1095,both,4,4,234,exact-cn,
as-1096-gunner,head,1096,both,0,5,232,exact-cn,
as-1096-gunner,chest,1097,both,1,1,236,exact-cn,
as-1096-gunner,arms,1098,both,2,2,229,exact-cn,
as-1096-gunner,waist,1099,both,3,3,233,exact-cn,
as-1096-gunner,legs,1100,both,4,4,235,exact-cn,
as-1101-blade,head,1101,both,0,5,233,exact-cn,
as-1101-blade,chest,1102,both,1,1,237,exact-cn,
as-1101-blade,arms,1103,both,2,2,230,exact-cn,
as-1101-blade,waist,1104,both,3,3,234,exact-cn,
as-1101-blade,legs,1105,both,4,4,236,exact-cn,
as-1106-gunner,head,1106,both,0,5,234,exact-cn,
as-1106-gunner,chest,1107,both,1,1,238,exact-cn,
as-1106-gunner,arms,1108,both,2,2,231,exact-cn,
as-1106-gunner,waist,1109,both,3,3,235,exact-cn,
as-1106-gunner,legs,1110,both,4,4,237,exact-cn,
as-1111-blade,chest,1111,both,0,1,341,exact-cn,
as-1111-blade,arms,1112,both,1,2,332,exact-cn,
as-1111-blade,legs,1113,both,2,4,340,exact-cn,
as-1114-gunner,chest,1114,both,0,1,342,exact-cn,
as-1114-gunner,arms,1115,both,1,2,333,exact-cn,
as-1114-gunner,legs,1116,both,2,4,341,exact-cn,
as-1117-blade,head,1117,both,0,5,315,exact-cn,
as-1117-blade,chest,1118,both,1,1,319,exact-cn,
as-1117-blade,arms,1119,both,2,2,312,exact-cn,
as-1117-blade,legs,1120,both,3,4,318,exact-cn,
as-1121-gunner,head,1121,both,0,5,316,exact-cn,
as-1121-gunner,chest,1122,both,1,1,320,exact-cn,
as-1121-gunner,arms,1123,both,2,2,313,exact-cn,
as-1121-gunner,legs,1124,both,3,4,319,exact-cn,
as-1125-blade,head,1125,both,0,5,317,exact-cn,
as-1125-blade,chest,1126,both,1,1,321,exact-cn,
as-1125-blade,arms,1127,both,2,2,314,exact-cn,
as-1125-blade,legs,1128,both,3,4,320,exact-cn,
as-1129-gunner,head,1129,both,0,5,318,exact-cn,
as-1129-gunner,chest,1130,both,1,1,322,exact-cn,
as-1129-gunner,arms,1131,both,2,2,315,exact-cn,
as-1129-gunner,legs,1132,both,3,4,321,exact-cn,
as-1133-blade,head,1133,both,0,5,247,exact-cn,
as-1133-blade,chest,1134,both,1,1,251,exact-cn,
as-1133-blade,arms,1135,both,2,2,244,exact-cn,
as-1133-blade,waist,1136,both,3,3,248,exact-cn,
as-1133-blade,legs,1137,both,4,4,250,exact-cn,
as-1138-gunner,head,1138,both,0,5,248,exact-cn,
as-1138-gunner,chest,1139,both,1,1,252,exact-cn,
as-1138-gunner,arms,1140,both,2,2,245,exact-cn,
as-1138-gunner,waist,1141,both,3,3,249,exact-cn,
as-1138-gunner,legs,1142,both,4,4,251,exact-cn,
as-1143-blade,head,1143,both,0,5,249,exact-cn,
as-1143-blade,chest,1144,both,1,1,253,exact-cn,
as-1143-blade,arms,1145,both,2,2,246,exact-cn,
as-1143-blade,waist,1146,both,3,3,250,exact-cn,
as-1143-blade,legs,1147,both,4,4,252,exact-cn,
as-1148-gunner,head,1148,both,0,5,250,exact-cn,
as-1148-gunner,chest,1149,both,1,1,254,exact-cn,
as-1148-gunner,arms,1150,both,2,2,247,exact-cn,
as-1148-gunner,waist,1151,both,3,3,251,exact-cn,
as-1148-gunner,legs,1152,both,4,4,253,exact-cn,
as-1153-blade,head,1153,male,0,5,339,exact-cn,
as-1153-blade,head,1163,female,1,5,341,exact-cn,
as-1153-blade,chest,1154,male,2,1,347,exact-cn,
as-1153-blade,chest,1164,female,3,1,349,exact-cn,
as-1153-blade,arms,1155,male,4,2,338,exact-cn,
as-1153-blade,arms,1165,female,5,2,340,exact-cn,
as-1153-blade,waist,1156,male,6,3,342,exact-cn,
as-1153-blade,waist,1166,female,7,3,344,exact-cn,
as-1153-blade,legs,1157,male,8,4,346,exact-cn,
as-1153-blade,legs,1167,female,9,4,348,exact-cn,
as-1158-gunner,head,1158,male,0,5,340,exact-cn,
as-1158-gunner,head,1168,female,1,5,342,exact-cn,
as-1158-gunner,chest,1159,male,2,1,348,exact-cn,
as-1158-gunner,chest,1169,female,3,1,350,exact-cn,
as-1158-gunner,arms,1160,male,4,2,339,exact-cn,
as-1158-gunner,arms,1170,female,5,2,341,exact-cn,
as-1158-gunner,waist,1161,male,6,3,343,exact-cn,
as-1158-gunner,waist,1171,female,7,3,345,exact-cn,
as-1158-gunner,legs,1162,male,8,4,347,exact-cn,
as-1158-gunner,legs,1172,female,9,4,349,exact-cn,
as-1173-blade,head,1173,both,0,5,337,exact-cn,
as-1173-blade,chest,1174,both,1,1,345,exact-cn,
as-1173-blade,arms,1175,both,2,2,336,exact-cn,
as-1173-blade,waist,1176,both,3,3,340,exact-cn,
as-1173-blade,legs,1177,both,4,4,344,exact-cn,
as-1178-gunner,head,1178,both,0,5,338,exact-cn,
as-1178-gunner,chest,1179,both,1,1,346,exact-cn,
as-1178-gunner,arms,1180,both,2,2,337,exact-cn,
as-1178-gunner,waist,1181,both,3,3,341,exact-cn,
as-1178-gunner,legs,1182,both,4,4,,unmapped,
as-1183-blade,head,1183,both,0,5,263,exact-cn,
as-1183-blade,chest,1184,both,1,1,267,exact-cn,
as-1183-blade,arms,1185,both,2,2,260,exact-cn,
as-1183-blade,waist,1186,both,3,3,264,exact-cn,
as-1183-blade,legs,1187,both,4,4,266,exact-cn,
as-1188-gunner,head,1188,both,0,5,264,exact-cn,
as-1188-gunner,chest,1189,both,1,1,268,exact-cn,
as-1188-gunner,arms,1190,both,2,2,261,exact-cn,
as-1188-gunner,waist,1191,both,3,3,265,exact-cn,
as-1188-gunner,legs,1192,both,4,4,267,exact-cn,
as-1193-blade,head,1193,both,0,5,265,exact-cn,
as-1193-blade,chest,1194,both,1,1,269,exact-cn,
as-1193-blade,arms,1195,both,2,2,262,exact-cn,
as-1193-blade,waist,1196,both,3,3,266,exact-cn,
as-1193-blade,legs,1197,both,4,4,268,exact-cn,
as-1198-gunner,head,1198,both,0,5,266,exact-cn,
as-1198-gunner,chest,1199,both,1,1,270,exact-cn,
as-1198-gunner,arms,1200,both,2,2,263,exact-cn,
as-1198-gunner,waist,1201,both,3,3,267,exact-cn,
as-1198-gunner,legs,1202,both,4,4,269,exact-cn,
as-1203-blade,head,1203,both,0,5,235,exact-cn,
as-1203-blade,chest,1204,both,1,1,239,exact-cn,
as-1203-blade,arms,1205,both,2,2,232,exact-cn,
as-1203-blade,waist,1206,both,3,3,236,exact-cn,
as-1203-blade,legs,1207,both,4,4,238,exact-cn,
as-1208-gunner,head,1208,both,0,5,236,exact-cn,
as-1208-gunner,chest,1209,both,1,1,240,exact-cn,
as-1208-gunner,arms,1210,both,2,2,233,exact-cn,
as-1208-gunner,waist,1211,both,3,3,237,exact-cn,
as-1208-gunner,legs,1212,both,4,4,239,exact-cn,
as-1213-blade,head,1213,both,0,5,237,exact-cn,
as-1213-blade,chest,1214,both,1,1,241,exact-cn,
as-1213-blade,arms,1215,both,2,2,234,exact-cn,
as-1213-blade,waist,1216,both,3,3,238,exact-cn,
as-1213-blade,legs,1217,both,4,4,240,exact-cn,
as-1218-gunner,head,1218,both,0,5,238,exact-cn,
as-1218-gunner,chest,1219,both,1,1,242,exact-cn,
as-1218-gunner,arms,1220,both,2,2,235,exact-cn,
as-1218-gunner,waist,1221,both,3,3,239,exact-cn,
as-1218-gunner,legs,1222,both,4,4,241,exact-cn,
as-1223-blade,head,1223,both,0,5,239,exact-cn,
as-1223-blade,chest,1224,both,1,1,243,exact-cn,
as-1223-blade,arms,1225,both,2,2,236,exact-cn,
as-1223-blade,waist,1226,both,3,3,240,exact-cn,
as-1223-blade,legs,1227,both,4,4,242,exact-cn,
as-1228-gunner,head,1228,both,0,5,240,exact-cn,
as-1228-gunner,chest,1229,both,1,1,244,exact-cn,
as-1228-gunner,arms,1230,both,2,2,237,exact-cn,
as-1228-gunner,waist,1231,both,3,3,241,exact-cn,
as-1228-gunner,legs,1232,both,4,4,243,exact-cn,
as-1233-blade,head,1233,both,0,5,259,exact-cn,
as-1233-blade,chest,1234,both,1,1,263,exact-cn,
as-1233-blade,arms,1235,both,2,2,256,exact-cn,
as-1233-blade,waist,1236,both,3,3,260,exact-cn,
as-1233-blade,legs,1237,both,4,4,262,exact-cn,
as-1238-gunner,head,1238,both,0,5,260,exact-cn,
as-1238-gunner,chest,1239,both,1,1,264,exact-cn,
as-1238-gunner,arms,1240,both,2,2,257,exact-cn,
as-1238-gunner,waist,1241,both,3,3,261,exact-cn,
as-1238-gunner,legs,1242,both,4,4,263,exact-cn,
as-1243-blade,head,1243,both,0,5,261,exact-cn,
as-1243-blade,chest,1244,both,1,1,265,exact-cn,
as-1243-blade,arms,1245,both,2,2,258,exact-cn,
as-1243-blade,waist,1246,both,3,3,262,exact-cn,
as-1243-blade,legs,1247,both,4,4,264,exact-cn,
as-1248-gunner,head,1248,both,0,5,262,exact-cn,
as-1248-gunner,chest,1249,both,1,1,266,exact-cn,
as-1248-gunner,arms,1250,both,2,2,259,exact-cn,
as-1248-gunner,waist,1251,both,3,3,263,exact-cn,
as-1248-gunner,legs,1252,both,4,4,265,exact-cn,
as-1253-blade,head,1253,both,0,5,303,exact-cn,
as-1253-blade,chest,1254,both,1,1,307,exact-cn,
as-1253-blade,arms,1255,both,2,2,300,exact-cn,
as-1253-blade,waist,1256,both,3,3,304,exact-cn,
as-1253-blade,legs,1257,both,4,4,306,exact-cn,
as-1258-gunner,head,1258,both,0,5,304,exact-cn,
as-1258-gunner,chest,1259,both,1,1,308,exact-cn,
as-1258-gunner,arms,1260,both,2,2,301,exact-cn,
as-1258-gunner,waist,1261,both,3,3,305,exact-cn,
as-1258-gunner,legs,1262,both,4,4,307,exact-cn,
as-1263-blade,head,1263,both,0,5,305,exact-cn,
as-1263-blade,chest,1264,both,1,1,309,exact-cn,
as-1263-blade,arms,1265,both,2,2,302,exact-cn,
as-1263-blade,waist,1266,both,3,3,306,exact-cn,
as-1263-blade,legs,1267,both,4,4,308,exact-cn,
as-1268-gunner,head,1268,both,0,5,306,exact-cn,
as-1268-gunner,chest,1269,both,1,1,310,exact-cn,
as-1268-gunner,arms,1270,both,2,2,303,exact-cn,
as-1268-gunner,waist,1271,both,3,3,307,exact-cn,
as-1268-gunner,legs,1272,both,4,4,309,exact-cn,
as-1273-blade,head,1273,both,0,5,307,exact-cn,
as-1273-blade,chest,1274,both,1,1,311,exact-cn,
as-1273-blade,arms,1275,both,2,2,304,exact-cn,
as-1273-blade,waist,1276,both,3,3,308,exact-cn,
as-1273-blade,legs,1277,both,4,4,310,exact-cn,
as-1278-gunner,head,1278,both,0,5,308,exact-cn,
as-1278-gunner,chest,1279,both,1,1,312,exact-cn,
as-1278-gunner,arms,1280,both,2,2,305,exact-cn,
as-1278-gunner,waist,1281,both,3,3,309,exact-cn,
as-1278-gunner,legs,1282,both,4,4,311,exact-cn,
as-1283-blade,head,1283,both,0,5,309,exact-cn,
as-1283-blade,chest,1284,both,1,1,313,exact-cn,
as-1283-blade,arms,1285,both,2,2,306,exact-cn,
as-1283-blade,waist,1286,both,3,3,310,exact-cn,
as-1283-blade,legs,1287,both,4,4,312,exact-cn,
as-1288-gunner,head,1288,both,0,5,310,exact-cn,
as-1288-gunner,chest,1289,both,1,1,314,exact-cn,
as-1288-gunner,arms,1290,both,2,2,307,exact-cn,
as-1288-gunner,waist,1291,both,3,3,311,exact-cn,
as-1288-gunner,legs,1292,both,4,4,313,exact-cn,
as-1293-blade,head,1293,both,0,5,311,exact-cn,
as-1293-blade,chest,1294,both,1,1,315,exact-cn,
as-1293-blade,arms,1295,both,2,2,308,exact-cn,
as-1293-blade,waist,1296,both,3,3,312,exact-cn,
as-1293-blade,legs,1297,both,4,4,314,exact-cn,
as-1298-gunner,head,1298,both,0,5,312,exact-cn,
as-1298-gunner,chest,1299,both,1,1,316,exact-cn,
as-1298-gunner,arms,1300,both,2,2,309,exact-cn,
as-1298-gunner,waist,1301,both,3,3,313,exact-cn,
as-1298-gunner,legs,1302,both,4,4,315,exact-cn,
as-1303-blade,head,1303,male,0,5,279,exact-cn,
as-1303-blade,head,1313,female,1,5,283,exact-cn,
as-1303-blade,chest,1304,male,2,1,283,exact-cn,
as-1303-blade,chest,1314,female,3,1,287,exact-cn,
as-1303-blade,arms,1305,male,4,2,276,exact-cn,
as-1303-blade,arms,1315,female,5,2,280,exact-cn,
as-1303-blade,waist,1306,male,6,3,280,exact-cn,
as-1303-blade,waist,1316,female,7,3,284,exact-cn,
as-1303-blade,legs,1307,male,8,4,282,exact-cn,
as-1303-blade,legs,1317,female,9,4,286,exact-cn,
as-1308-gunner,head,1308,male,0,5,280,exact-cn,
as-1308-gunner,head,1318,female,1,5,284,exact-cn,
as-1308-gunner,chest,1309,male,2,1,284,exact-cn,
as-1308-gunner,chest,1319,female,3,1,288,exact-cn,
as-1308-gunner,arms,1310,male,4,2,277,exact-cn,
as-1308-gunner,arms,1320,female,5,2,281,exact-cn,
as-1308-gunner,waist,1311,male,6,3,281,exact-cn,
as-1308-gunner,waist,1321,female,7,3,285,exact-cn,
as-1308-gunner,legs,1312,male,8,4,283,exact-cn,
as-1308-gunner,legs,1322,female,9,4,287,exact-cn,
as-1323-blade,head,1323,male,0,5,281,exact-cn,
as-1323-blade,head,1333,female,1,5,285,exact-cn,
as-1323-blade,chest,1324,male,2,1,285,exact-cn,
as-1323-blade,chest,1334,female,3,1,289,exact-cn,
as-1323-blade,arms,1325,male,4,2,278,exact-cn,
as-1323-blade,arms,1335,female,5,2,282,exact-cn,
as-1323-blade,waist,1326,male,6,3,282,exact-cn,
as-1323-blade,waist,1336,female,7,3,286,exact-cn,
as-1323-blade,legs,1327,male,8,4,284,exact-cn,
as-1323-blade,legs,1337,female,9,4,288,exact-cn,
as-1328-gunner,head,1328,male,0,5,282,exact-cn,
as-1328-gunner,head,1338,female,1,5,286,exact-cn,
as-1328-gunner,chest,1329,male,2,1,286,exact-cn,
as-1328-gunner,chest,1339,female,3,1,290,exact-cn,
as-1328-gunner,arms,1330,male,4,2,279,exact-cn,
as-1328-gunner,arms,1340,female,5,2,283,exact-cn,
as-1328-gunner,waist,1331,male,6,3,283,exact-cn,
as-1328-gunner,waist,1341,female,7,3,287,exact-cn,
as-1328-gunner,legs,1332,male,8,4,285,exact-cn,
as-1328-gunner,legs,1342,female,9,4,289,exact-cn,
as-1343-blade,head,1343,male,0,5,329,exact-cn,
as-1343-blade,head,1353,female,1,5,331,exact-cn,
as-1343-blade,chest,1344,male,2,1,335,exact-cn,
as-1343-blade,chest,1354,female,3,1,337,exact-cn,
as-1343-blade,arms,1345,male,4,2,326,exact-cn,
as-1343-blade,arms,1355,female,5,2,328,exact-cn,
as-1343-blade,waist,1346,male,6,3,332,exact-cn,
as-1343-blade,waist,1356,female,7,3,334,exact-cn,
as-1343-blade,legs,1347,male,8,4,334,exact-cn,
as-1343-blade,legs,1357,female,9,4,336,exact-cn,
as-1348-gunner,head,1348,male,0,5,330,exact-cn,
as-1348-gunner,head,1358,female,1,5,332,exact-cn,
as-1348-gunner,chest,1349,male,2,1,336,exact-cn,
as-1348-gunner,chest,1359,female,3,1,338,exact-cn,
as-1348-gunner,arms,1350,male,4,2,327,exact-cn,
as-1348-gunner,arms,1360,female,5,2,329,exact-cn,
as-1348-gunner,waist,1351,male,6,3,333,exact-cn,
as-1348-gunner,waist,1361,female,7,3,335,exact-cn,
as-1348-gunner,legs,1352,male,8,4,335,exact-cn,
as-1348-gunner,legs,1362,female,9,4,337,exact-cn,
as-1363-blade,head,1363,both,0,5,,unmapped,
as-1363-blade,chest,1364,both,1,1,245,exact-cn,
as-1363-blade,arms,1365,both,2,2,238,exact-cn,
as-1363-blade,waist,1366,both,3,3,242,exact-cn,
as-1363-blade,legs,1367,both,4,4,244,exact-cn,
as-1368-gunner,head,1368,both,0,5,,unmapped,
as-1368-gunner,chest,1369,both,1,1,246,exact-cn,
as-1368-gunner,arms,1370,both,2,2,239,exact-cn,
as-1368-gunner,waist,1371,both,3,3,243,exact-cn,
as-1368-gunner,legs,1372,both,4,4,245,exact-cn,
as-1373-blade,head,1373,both,0,5,243,exact-cn,
as-1373-blade,chest,1374,both,1,1,247,exact-cn,
as-1373-blade,arms,1375,both,2,2,240,exact-cn,
as-1373-blade,waist,1376,both,3,3,244,exact-cn,
as-1373-blade,legs,1377,both,4,4,246,exact-cn,
as-1378-gunner,head,1378,both,0,5,244,exact-cn,
as-1378-gunner,chest,1379,both,1,1,248,exact-cn,
as-1378-gunner,arms,1380,both,2,2,241,exact-cn,
as-1378-gunner,waist,1381,both,3,3,245,exact-cn,
as-1378-gunner,legs,1382,both,4,4,247,exact-cn,
as-1383-blade,head,1383,both,0,5,267,exact-cn,
as-1383-blade,chest,1384,both,1,1,271,exact-cn,
as-1383-blade,arms,1385,both,2,2,264,exact-cn,
as-1383-blade,waist,1386,both,3,3,268,exact-cn,
as-1383-blade,legs,1387,both,4,4,270,exact-cn,
as-1388-gunner,head,1388,both,0,5,268,exact-cn,
as-1388-gunner,chest,1389,both,1,1,272,exact-cn,
as-1388-gunner,arms,1390,both,2,2,265,exact-cn,
as-1388-gunner,waist,1391,both,3,3,269,exact-cn,
as-1388-gunner,legs,1392,both,4,4,271,exact-cn,
as-1393-blade,head,1393,both,0,5,269,exact-cn,
as-1393-blade,chest,1394,both,1,1,273,exact-cn,
as-1393-blade,arms,1395,both,2,2,266,exact-cn,
as-1393-blade,waist,1396,both,3,3,,unmapped,
as-1393-blade,legs,1397,both,4,4,272,exact-cn,
as-1398-gunner,head,1398,both,0,5,270,exact-cn,
as-1398-gunner,chest,1399,both,1,1,274,exact-cn,
as-1398-gunner,arms,1400,both,2,2,267,exact-cn,
as-1398-gunner,waist,1401,both,3,3,271,exact-cn,
as-1398-gunner,legs,1402,both,4,4,273,exact-cn,
as-1403-blade,head,1403,both,0,5,275,exact-cn,
as-1403-blade,chest,1404,both,1,1,279,exact-cn,
as-1403-blade,arms,1405,both,2,2,272,exact-cn,
as-1403-blade,waist,1406,both,3,3,276,exact-cn,
as-1403-blade,legs,1407,both,4,4,278,exact-cn,
as-1408-gunner,head,1408,both,0,5,276,exact-cn,
as-1408-gunner,chest,1409,both,1,1,280,exact-cn,
as-1408-gunner,arms,1410,both,2,2,273,exact-cn,
as-1408-gunner,waist,1411,both,3,3,277,exact-cn,
as-1408-gunner,legs,1412,both,4,4,279,exact-cn,
as-1413-blade,head,1413,both,0,5,277,exact-cn,
as-1413-blade,chest,1414,both,1,1,281,exact-cn,
as-1413-blade,arms,1415,both,2,2,274,exact-cn,
as-1413-blade,waist,1416,both,3,3,278,exact-cn,
as-1413-blade,legs,1417,both,4,4,280,exact-cn,
as-1418-gunner,head,1418,both,0,5,278,exact-cn,
as-1418-gunner,chest,1419,both,1,1,282,exact-cn,
as-1418-gunner,arms,1420,both,2,2,275,exact-cn,
as-1418-gunner,waist,1421,both,3,3,279,exact-cn,
as-1418-gunner,legs,1422,both,4,4,281,exact-cn,
as-1423-blade,head,1423,both,0,5,319,exact-cn,
as-1423-blade,chest,1424,both,1,1,323,exact-cn,
as-1423-blade,arms,1425,both,2,2,316,exact-cn,
as-1423-blade,waist,1426,both,3,3,320,exact-cn,
as-1423-blade,legs,1427,both,4,4,322,exact-cn,
as-1428-gunner,head,1428,both,0,5,320,exact-cn,
as-1428-gunner,chest,1429,both,1,1,324,exact-cn,
as-1428-gunner,arms,1430,both,2,2,317,exact-cn,
as-1428-gunner,waist,1431,both,3,3,321,exact-cn,
as-1428-gunner,legs,1432,both,4,4,323,exact-cn,
as-1433-blade,head,1433,both,0,5,253,exact-cn,
as-1433-blade,chest,1434,both,1,1,257,exact-cn,
as-1433-blade,arms,1435,both,2,2,250,exact-cn,
as-1433-blade,waist,1436,both,3,3,254,exact-cn,
as-1433-blade,legs,1437,both,4,4,256,exact-cn,
as-1438-gunner,head,1438,both,0,5,254,exact-cn,
as-1438-gunner,chest,1439,both,1,1,258,exact-cn,
as-1438-gunner,arms,1440,both,2,2,251,exact-cn,
as-1438-gunner,waist,1441,both,3,3,255,exact-cn,
as-1438-gunner,legs,1442,both,4,4,257,exact-cn,
as-1443-blade,head,1443,both,0,5,255,exact-cn,
as-1443-blade,chest,1444,both,1,1,259,exact-cn,
as-1443-blade,arms,1445,both,2,2,252,exact-cn,
as-1443-blade,waist,1446,both,3,3,256,exact-cn,
as-1443-blade,legs,1447,both,4,4,258,exact-cn,
as-1448-gunner,head,1448,both,0,5,256,exact-cn,
as-1448-gunner,chest,1449,both,1,1,260,exact-cn,
as-1448-gunner,arms,1450,both,2,2,253,exact-cn,
as-1448-gunner,waist,1451,both,3,3,257,exact-cn,
as-1448-gunner,legs,1452,both,4,4,259,exact-cn,
as-1453-blade,head,1453,both,0,5,271,exact-cn,
as-1453-blade,chest,1454,both,1,1,275,exact-cn,
as-1453-blade,arms,1455,both,2,2,268,exact-cn,
as-1453-blade,waist,1456,both,3,3,272,exact-cn,
as-1453-blade,legs,1457,both,4,4,274,exact-cn,
as-1458-gunner,head,1458,both,0,5,272,exact-cn,
as-1458-gunner,chest,1459,both,1,1,276,exact-cn,
as-1458-gunner,arms,1460,both,2,2,269,exact-cn,
as-1458-gunner,waist,1461,both,3,3,273,exact-cn,
as-1458-gunner,legs,1462,both,4,4,275,exact-cn,
as-1463-blade,head,1463,both,0,5,273,exact-cn,
as-1463-blade,chest,1464,both,1,1,277,exact-cn,
as-1463-blade,arms,1465,both,2,2,270,exact-cn,
as-1463-blade,waist,1466,both,3,3,274,exact-cn,
as-1463-blade,legs,1467,both,4,4,276,exact-cn,
as-1468-gunner,head,1468,both,0,5,274,exact-cn,
as-1468-gunner,chest,1469,both,1,1,278,exact-cn,
as-1468-gunner,arms,1470,both,2,2,271,exact-cn,
as-1468-gunner,waist,1471,both,3,3,275,exact-cn,
as-1468-gunner,legs,1472,both,4,4,277,exact-cn,
as-1473-blade,head,1473,both,0,5,299,exact-cn,
as-1473-blade,chest,1474,both,1,1,303,exact-cn,
as-1473-blade,arms,1475,both,2,2,296,exact-cn,
as-1473-blade,waist,1476,both,3,3,300,exact-cn,
as-1473-blade,legs,1477,both,4,4,302,exact-cn,
as-1478-gunner,head,1478,both,0,5,300,exact-cn,
as-1478-gunner,chest,1479,both,1,1,304,exact-cn,
as-1478-gunner,arms,1480,both,2,2,297,exact-cn,
as-1478-gunner,waist,1481,both,3,3,301,exact-cn,
as-1478-gunner,legs,1482,both,4,4,303,exact-cn,
as-1483-blade,head,1483,both,0,5,301,exact-cn,
as-1483-blade,chest,1484,both,1,1,305,exact-cn,
as-1483-blade,arms,1485,both,2,2,298,exact-cn,
as-1483-blade,waist,1486,both,3,3,302,exact-cn,
as-1483-blade,legs,1487,both,4,4,304,exact-cn,
as-1488-gunner,head,1488,both,0,5,302,exact-cn,
as-1488-gunner,chest,1489,both,1,1,306,exact-cn,
as-1488-gunner,arms,1490,both,2,2,299,exact-cn,
as-1488-gunner,waist,1491,both,3,3,303,exact-cn,
as-1488-gunner,legs,1492,both,4,4,305,exact-cn,
as-1493-blade,head,1493,both,0,5,325,exact-cn,
as-1493-blade,chest,1494,both,1,1,329,exact-cn,
as-1493-blade,arms,1495,both,2,2,322,exact-cn,
as-1493-blade,waist,1496,both,3,3,326,exact-cn,
as-1493-blade,legs,1497,both,4,4,328,exact-cn,
as-1498-gunner,head,1498,both,0,5,326,exact-cn,
as-1498-gunner,chest,1499,both,1,1,330,exact-cn,
as-1498-gunner,arms,1500,both,2,2,323,exact-cn,
as-1498-gunner,waist,1501,both,3,3,327,exact-cn,
as-1498-gunner,legs,1502,both,4,4,329,exact-cn,
as-1503-blade,head,1503,both,0,5,323,exact-cn,
as-1503-blade,chest,1504,both,1,1,327,exact-cn,
as-1503-blade,arms,1505,both,2,2,320,exact-cn,
as-1503-blade,waist,1506,both,3,3,324,exact-cn,
as-1503-blade,legs,1507,both,4,4,326,exact-cn,
as-1508-gunner,head,1508,both,0,5,324,exact-cn,
as-1508-gunner,chest,1509,both,1,1,328,exact-cn,
as-1508-gunner,arms,1510,both,2,2,321,exact-cn,
as-1508-gunner,waist,1511,both,3,3,325,exact-cn,
as-1508-gunner,legs,1512,both,4,4,327,exact-cn,
as-1513-blade,head,1513,both,0,5,295,exact-cn,
as-1513-blade,chest,1514,both,1,1,299,exact-cn,
as-1513-blade,arms,1515,both,2,2,292,exact-cn,
as-1513-blade,waist,1516,both,3,3,296,exact-cn,
as-1513-blade,legs,1517,both,4,4,298,exact-cn,
as-1518-gunner,head,1518,both,0,5,296,exact-cn,
as-1518-gunner,chest,1519,both,1,1,300,exact-cn,
as-1518-gunner,arms,1520,both,2,2,293,exact-cn,
as-1518-gunner,waist,1521,both,3,3,297,exact-cn,
as-1518-gunner,legs,1522,both,4,4,299,exact-cn,
as-1523-blade,head,1523,both,0,5,313,exact-cn,
as-1523-blade,chest,1524,both,1,1,317,exact-cn,
as-1523-blade,arms,1525,both,2,2,310,exact-cn,
as-1523-blade,waist,1526,both,3,3,314,exact-cn,
as-1523-blade,legs,1527,both,4,4,316,exact-cn,
as-1528-gunner,head,1528,both,0,5,314,exact-cn,
as-1528-gunner,chest,1529,both,1,1,318,exact-cn,
as-1528-gunner,arms,1530,both,2,2,311,exact-cn,
as-1528-gunner,waist,1531,both,3,3,315,exact-cn,
as-1528-gunner,legs,1532,both,4,4,317,exact-cn,
as-1533-blade,head,1533,both,0,5,245,exact-cn,
as-1533-blade,chest,1534,both,1,1,249,exact-cn,
as-1533-blade,arms,1535,both,2,2,242,exact-cn,
as-1533-blade,waist,1536,both,3,3,246,exact-cn,
as-1533-blade,legs,1537,both,4,4,248,exact-cn,
as-1538-gunner,head,1538,both,0,5,246,exact-cn,
as-1538-gunner,chest,1539,both,1,1,250,exact-cn,
as-1538-gunner,arms,1540,both,2,2,243,exact-cn,
as-1538-gunner,waist,1541,both,3,3,247,exact-cn,
as-1538-gunner,legs,1542,both,4,4,249,exact-cn,
as-1543-blade,head,1543,both,0,5,251,exact-cn,
as-1543-blade,chest,1544,both,1,1,255,exact-cn,
as-1543-blade,arms,1545,both,2,2,248,exact-cn,
as-1543-blade,waist,1546,both,3,3,252,exact-cn,
as-1543-blade,legs,1547,both,4,4,254,exact-cn,
as-1548-gunner,head,1548,both,0,5,252,exact-cn,
as-1548-gunner,chest,1549,both,1,1,256,exact-cn,
as-1548-gunner,arms,1550,both,2,2,249,exact-cn,
as-1548-gunner,waist,1551,both,3,3,253,exact-cn,
as-1548-gunner,legs,1552,both,4,4,255,exact-cn,
as-1553-blade,head,1553,male,0,5,287,exact-cn,
as-1553-blade,head,1563,female,1,5,289,exact-cn,
as-1553-blade,chest,1554,male,2,1,291,exact-cn,
as-1553-blade,chest,1564,female,3,1,293,exact-cn,
as-1553-blade,arms,1555,male,4,2,284,exact-cn,
as-1553-blade,arms,1565,female,5,2,286,exact-cn,
as-1553-blade,waist,1556,male,6,3,288,exact-cn,
as-1553-blade,waist,1566,female,7,3,290,exact-cn,
as-1553-blade,legs,1557,male,8,4,290,exact-cn,
as-1553-blade,legs,1567,female,9,4,292,exact-cn,
as-1558-gunner,head,1558,male,0,5,288,exact-cn,
as-1558-gunner,head,1568,female,1,5,290,exact-cn,
as-1558-gunner,chest,1559,male,2,1,292,exact-cn,
as-1558-gunner,chest,1569,female,3,1,294,exact-cn,
as-1558-gunner,arms,1560,male,4,2,285,exact-cn,
as-1558-gunner,arms,1570,female,5,2,287,exact-cn,
as-1558-gunner,waist,1561,male,6,3,289,exact-cn,
as-1558-gunner,waist,1571,female,7,3,291,exact-cn,
as-1558-gunner,legs,1562,male,8,4,291,exact-cn,
as-1558-gunner,legs,1572,female,9,4,293,exact-cn,
as-1573-blade,head,1573,male,0,5,291,exact-cn,
as-1573-blade,head,1583,female,1,5,293,exact-cn,
as-1573-blade,chest,1574,male,2,1,295,exact-cn,
as-1573-blade,chest,1584,female,3,1,297,exact-cn,
as-1573-blade,arms,1575,male,4,2,288,exact-cn,
as-1573-blade,arms,1585,female,5,2,290,exact-cn,
as-1573-blade,waist,1576,male,6,3,292,exact-cn,
as-1573-blade,waist,1586,female,7,3,294,exact-cn,
as-1573-blade,legs,1577,male,8,4,294,exact-cn,
as-1573-blade,legs,1587,female,9,4,296,exact-cn,
as-1578-gunner,head,1578,male,0,5,292,exact-cn,
as-1578-gunner,head,1588,female,1,5,294,exact-cn,
as-1578-gunner,chest,1579,male,2,1,296,exact-cn,
as-1578-gunner,chest,1589,female,3,1,298,exact-cn,
as-1578-gunner,arms,1580,male,4,2,289,exact-cn,
as-1578-gunner,arms,1590,female,5,2,291,exact-cn,
as-1578-gunner,waist,1581,male,6,3,293,exact-cn,
as-1578-gunner,waist,1591,female,7,3,295,exact-cn,
as-1578-gunner,legs,1582,male,8,4,295,exact-cn,
as-1578-gunner,legs,1592,female,9,4,297,exact-cn,
as-1593-blade,head,1593,both,0,5,257,exact-cn,
as-1593-blade,chest,1594,both,1,1,261,exact-cn,
as-1593-blade,arms,1595,both,2,2,254,exact-cn,
as-1593-blade,waist,1596,both,3,3,258,exact-cn,
as-1593-blade,legs,1597,both,4,4,260,exact-cn,
as-1598-gunner,head,1598,both,0,5,258,exact-cn,
as-1598-gunner,chest,1599,both,1,1,262,exact-cn,
as-1598-gunner,arms,1600,both,2,2,255,exact-cn,
as-1598-gunner,waist,1601,both,3,3,259,exact-cn,
as-1598-gunner,legs,1602,both,4,4,261,exact-cn,
as-1603-blade,head,1603,both,0,5,321,exact-cn,
as-1603-blade,chest,1604,both,1,1,325,exact-cn,
as-1603-blade,arms,1605,both,2,2,318,exact-cn,
as-1603-blade,waist,1606,both,3,3,322,exact-cn,
as-1603-blade,legs,1607,both,4,4,324,exact-cn,
as-1608-gunner,head,1608,both,0,5,322,exact-cn,
as-1608-gunner,chest,1609,both,1,1,326,exact-cn,
as-1608-gunner,arms,1610,both,2,2,319,exact-cn,
as-1608-gunner,waist,1611,both,3,3,323,exact-cn,
as-1608-gunner,legs,1612,both,4,4,325,exact-cn,
as-1613-blade,head,1613,both,0,5,297,exact-cn,
as-1613-blade,chest,1614,both,1,1,301,exact-cn,
as-1613-blade,arms,1615,both,2,2,294,exact-cn,
as-1613-blade,waist,1616,both,3,3,298,exact-cn,
as-1613-blade,legs,1617,both,4,4,300,exact-cn,
as-1618-gunner,head,1618,both,0,5,298,exact-cn,
as-1618-gunner,chest,1619,both,1,1,302,exact-cn,
as-1618-gunner,arms,1620,both,2,2,295,exact-cn,
as-1618-gunner,waist,1621,both,3,3,299,exact-cn,
as-1618-gunner,legs,1622,both,4,4,301,exact-cn,
as-1623-both,head,1623,both,0,5,368,exact-cn,
as-1624-blade,head,1624,both,0,5,,unmapped,
as-1624-blade,chest,1625,both,1,1,,unmapped,
as-1624-blade,arms,1626,both,2,2,,unmapped,
as-1624-blade,waist,1627,both,3,3,,unmapped,
as-1624-blade,legs,1628,both,4,4,,unmapped,
as-1629-gunner,head,1629,both,0,5,,unmapped,
as-1629-gunner,chest,1630,both,1,1,,unmapped,
as-1629-gunner,arms,1631,both,2,2,,unmapped,
as-1629-gunner,waist,1632,both,3,3,,unmapped,
as-1629-gunner,legs,1633,both,4,4,,unmapped,
as-1634-blade,head,1634,both,0,5,,unmapped,
as-1634-blade,chest,1635,both,1,1,,unmapped,
as-1634-blade,arms,1636,both,2,2,,unmapped,
as-1634-blade,waist,1637,both,3,3,,unmapped,
as-1634-blade,legs,1638,both,4,4,,unmapped,
as-1639-gunner,head,1639,both,0,5,,unmapped,
as-1639-gunner,chest,1640,both,1,1,,unmapped,
as-1639-gunner,arms,1641,both,2,2,,unmapped,
as-1639-gunner,waist,1642,both,3,3,,unmapped,
as-1639-gunner,legs,1643,both,4,4,,unmapped,
as-1644-blade,chest,1644,both,0,1,378,exact-cn,
as-1644-blade,waist,1645,both,1,3,369,exact-cn,
as-1644-blade,legs,1646,both,2,4,375,exact-cn,
as-1647-gunner,chest,1647,both,0,1,379,exact-cn,
as-1647-gunner,waist,1648,both,1,3,370,exact-cn,
as-1647-gunner,legs,1649,both,2,4,376,exact-cn,
